–ù–æ–º–µ—Ä –ø–ª–∞—Å—Ç–∏–Ω—ã,photo,–°–∞–ª–æ–Ω—ã,–ö–æ–º–ø–∞–Ω–∏—è,–°—Ç–∏–ª—å,üîí Row ID,Global counter,–ö–æ–¥ —Å–∞–ª–æ–Ω–∞
–°–∏–ª—É—ç—Ç—ã,https://i.ibb.co/WKJHWrw/1-2.png,IStyle Beauty,–¢–∞–∫–∏ –î–∞,"–õ—é–¥–∏, –°–æ–≤—Ä–µ–º–µ–Ω–Ω—ã–π, –ú–∏–Ω–∏–º–∞–ª–∏–∑–º,–°–∏–ª—É—ç—Ç—ã, –õ–∏—Ü–æ",nuPJ3CnKRye5Z-avyyZm7A,,3592
–°–∏–ª—É—ç—Ç—ã,https://i.ibb.co/FKCkHQY/2-3.png,IStyle Beauty,–¢–∞–∫–∏ –î–∞,"–õ—é–¥–∏, –°–æ–≤—Ä–µ–º–µ–Ω–Ω—ã–π, –ú–∏–Ω–∏–º–∞–ª–∏–∑–º,–°–∏–ª—É—ç—Ç—ã, –õ–∏—Ü–æ",0H2BQyt0RyC5IQh3Wu8caQ,,3592
–°–∏–ª—É—ç—Ç—ã,https://i.ibb.co/SyQw3Nd/3-4.png,IStyle Beauty,–¢–∞–∫–∏ –î–∞,"–õ—é–¥–∏, –°–æ–≤—Ä–µ–º–µ–Ω–Ω—ã–π, –ú–∏–Ω–∏–º–∞–ª–∏–∑–º,–°–∏–ª—É—ç—Ç—ã, –õ–∏—Ü–æ",rGBzi94ySheUrR5MZqdqLQ,,3592
–°–∏–ª—É—ç—Ç—ã,https://i.ibb.co/svbq3hX/4-5.png,IStyle Beauty,–¢–∞–∫–∏ –î–∞,"–õ—é–¥–∏, –°–æ–≤—Ä–µ–º–µ–Ω–Ω—ã–π, –ú–∏–Ω–∏–º–∞–ª–∏–∑–º,–°–∏–ª—É—ç—Ç—ã, –†—É–∫–∏",HGLgsA77RVGVBI2WZytynQ,,3592
–°–∏–ª—É—ç—Ç—ã,https://i.ibb.co/3dHG9P5/5-6.png,IStyle Beauty,–¢–∞–∫–∏ –î–∞,"–°–æ–≤—Ä–µ–º–µ–Ω–Ω—ã–π, –ú–∏–Ω–∏–º–∞–ª–∏–∑–º,–°–∏–ª—É—ç—Ç—ã, –¶–≤–µ—Ç—ã",jh0d45sVTOmPUvNS8CthWQ,,3592
–°–∏–ª—É—ç—Ç—ã,https://i.ibb.co/982WXMB/6-7.png,IStyle Beauty,–¢–∞–∫–∏ –î–∞,"–õ—é–¥–∏, –°–æ–≤—Ä–µ–º–µ–Ω–Ω—ã–π, –ú–∏–Ω–∏–º–∞–ª–∏–∑–º,–°–∏–ª—É—ç—Ç—ã, –õ–∏—Ü–æ",8bN0ASpURbOPjRRl0otj1w,,3592
–°–∏–ª—É—ç—Ç—ã,https://i.ibb.co/k9cvW68/7-8.png,IStyle Beauty,–¢–∞–∫–∏ –î–∞,"–õ—é–¥–∏, –°–æ–≤—Ä–µ–º–µ–Ω–Ω—ã–π, –ú–∏–Ω–∏–º–∞–ª–∏–∑–º,–°–∏–ª—É—ç—Ç—ã, –õ–∏—Ü–æ",VLgEne6IRw-H490hWV2AGg,,3592
–°–∏–ª—É—ç—Ç—ã,https://i.ibb.co/Zzmh93D/8-9.png,IStyle Beauty,–¢–∞–∫–∏ –î–∞,"–õ—é–¥–∏, –°–æ–≤—Ä–µ–º–µ–Ω–Ω—ã–π, –ú–∏–Ω–∏–º–∞–ª–∏–∑–º,–°–∏–ª—É—ç—Ç—ã, –¢–µ–ª–æ",TG9owvOMS4yrOk3ZeB.GEQ,,3592
–°–∏–ª—É—ç—Ç—ã,https://i.ibb.co/7zn1wtm/9-10.png,IStyle Beauty,–¢–∞–∫–∏ –î–∞,"–õ—é–¥–∏, –°–æ–≤—Ä–µ–º–µ–Ω–Ω—ã–π, –ú–∏–Ω–∏–º–∞–ª–∏–∑–º,–°–∏–ª—É—ç—Ç—ã, –õ–∏—Ü–æ",8BnQzjctR1-9VqC7v0vQ7w,,3592
–°–∏–ª—É—ç—Ç—ã,https://i.ibb.co/KK1RC5J/10-11.png,IStyle Beauty,–¢–∞–∫–∏ –î–∞,"–õ—é–¥–∏, –°–æ–≤—Ä–µ–º–µ–Ω–Ω—ã–π, –ú–∏–Ω–∏–º–∞–ª–∏–∑–º,–°–∏–ª—É—ç—Ç—ã, –õ–∏—Ü–æ",fTX5DJv4Q9mSDaDGhWJMEw,,3592
–°–∏–ª—É—ç—Ç—ã,https://i.ibb.co/S0zN4Cs/11-12.png,IStyle Beauty,–¢–∞–∫–∏ –î–∞,"–õ—é–¥–∏, –°–æ–≤—Ä–µ–º–µ–Ω–Ω—ã–π, –ú–∏–Ω–∏–º–∞–ª–∏–∑–º,–°–∏–ª—É—ç—Ç—ã, –õ–∏—Ü–æ",MDETO1F-Re2BtctbqS5jxw,,3592
–°–∏–ª—É—ç—Ç—ã,https://i.ibb.co/54KvpPq/12-13.png,IStyle Beauty,–¢–∞–∫–∏ –î–∞,"–õ—é–¥–∏, –°–æ–≤—Ä–µ–º–µ–Ω–Ω—ã–π, –ú–∏–Ω–∏–º–∞–ª–∏–∑–º,–°–∏–ª—É—ç—Ç—ã, –õ–∏—Ü–æ",9MjFvufvRzCZPKBoQTilfQ,,3592
–°–∏–ª—É—ç—Ç—ã,https://i.ibb.co/4sgjR4p/13-14.png,IStyle Beauty,–¢–∞–∫–∏ –î–∞,"–õ—é–¥–∏, –°–æ–≤—Ä–µ–º–µ–Ω–Ω—ã–π, –ú–∏–Ω–∏–º–∞–ª–∏–∑–º,–°–∏–ª—É—ç—Ç—ã, –¢–µ–ª–æ",icGcBUz-QmWdK7Jf0KN4tg,,3592
–°–∏–ª—É—ç—Ç—ã,https://i.ibb.co/z8RX3Xj/14-15.png,IStyle Beauty,–¢–∞–∫–∏ –î–∞,"–õ—é–¥–∏, –°–æ–≤—Ä–µ–º–µ–Ω–Ω—ã–π, –ú–∏–Ω–∏–º–∞–ª–∏–∑–º,–°–∏–ª—É—ç—Ç—ã, –õ–∏—Ü–æ",GUIdpfMNQ1-N5VAX2Ms50A,,3592
–°–∏–ª—É—ç—Ç—ã,https://i.ibb.co/r4pJj9Z/15-16.png,IStyle Beauty,–¢–∞–∫–∏ –î–∞,"–õ—é–¥–∏, –°–æ–≤—Ä–µ–º–µ–Ω–Ω—ã–π, –ú–∏–Ω–∏–º–∞–ª–∏–∑–º,–°–∏–ª—É—ç—Ç—ã, –õ–∏—Ü–æ",TGgJruYnRDOgF2uygOpLDA,,3592
–°–∏–ª—É—ç—Ç—ã,https://i.ibb.co/PD4WYcy/16-17.png,IStyle Beauty,–¢–∞–∫–∏ –î–∞,"–õ—é–¥–∏, –°–æ–≤—Ä–µ–º–µ–Ω–Ω—ã–π, –ú–∏–Ω–∏–º–∞–ª–∏–∑–º,–°–∏–ª—É—ç—Ç—ã, –õ–∏—Ü–æ",ogt1XOUmQUay.Qg7d-.wYg,,3592
–°–∏–ª—É—ç—Ç—ã,https://i.ibb.co/sQRBQB1/17-18.png,IStyle Beauty,–¢–∞–∫–∏ –î–∞,"–õ—é–¥–∏, –°–æ–≤—Ä–µ–º–µ–Ω–Ω—ã–π, –ú–∏–Ω–∏–º–∞–ª–∏–∑–º,–°–∏–ª—É—ç—Ç—ã, –õ–∏—Ü–æ",9GfttDs3QPyURXNWYSr-SQ,,3592
–°–∏–ª—É—ç—Ç—ã,https://i.ibb.co/K713L7B/18-19.png,IStyle Beauty,–¢–∞–∫–∏ –î–∞,"–õ—é–¥–∏, –°–æ–≤—Ä–µ–º–µ–Ω–Ω—ã–π, –ú–∏–Ω–∏–º–∞–ª–∏–∑–º,–°–∏–ª—É—ç—Ç—ã, –¢–µ–ª–æ",RRTdMq-FRwyN6W62I-8MZw,,3592
–°–∏–ª—É—ç—Ç—ã,https://i.ibb.co/1q6qg9P/19-20.png,IStyle Beauty,–¢–∞–∫–∏ –î–∞,"–õ—é–¥–∏, –°–æ–≤—Ä–µ–º–µ–Ω–Ω—ã–π, –ú–∏–Ω–∏–º–∞–ª–∏–∑–º,–°–∏–ª—É—ç—Ç—ã, –¢–µ–ª–æ",wbVU.yOdTzqWuYYhZlA9YQ,,3592
–°–∏–ª—É—ç—Ç—ã,https://i.ibb.co/v1qn8BN/20-21.png,IStyle Beauty,–¢–∞–∫–∏ –î–∞,"–õ—é–¥–∏, –°–æ–≤—Ä–µ–º–µ–Ω–Ω—ã–π, –ú–∏–Ω–∏–º–∞–ª–∏–∑–º,–°–∏–ª—É—ç—Ç—ã, –¢–µ–ª–æ",XNhyrBb6SKGY85mC6sDBtQ,,3592
–°–∏–ª—É—ç—Ç—ã,https://i.ibb.co/6vzmvVP/21-22.png,IStyle Beauty,–¢–∞–∫–∏ –î–∞,"–õ—é–¥–∏, –°–æ–≤—Ä–µ–º–µ–Ω–Ω—ã–π, –ú–∏–Ω–∏–º–∞–ª–∏–∑–º,–°–∏–ª—É—ç—Ç—ã, –¢–µ–ª–æ",wXw189LRQgmWA.ctiIewyQ,,3592
–°–∏–ª—É—ç—Ç—ã,https://i.ibb.co/BrSs6gG/22-23.png,IStyle Beauty,–¢–∞–∫–∏ –î–∞,"–õ—é–¥–∏, –°–æ–≤—Ä–µ–º–µ–Ω–Ω—ã–π, –ú–∏–Ω–∏–º–∞–ª–∏–∑–º,–°–∏–ª—É—ç—Ç—ã, –¢–µ–ª–æ",hSRgrBMhQFWIQ7vaDHt8TA,,3592
–°–∏–ª—É—ç—Ç—ã,https://i.ibb.co/RNQZcBQ/23-24.png,IStyle Beauty,–¢–∞–∫–∏ –î–∞,"–õ—é–¥–∏, –°–æ–≤—Ä–µ–º–µ–Ω–Ω—ã–π, –ú–∏–Ω–∏–º–∞–ª–∏–∑–º,–°–∏–ª—É—ç—Ç—ã, –ì–ª–∞–∑",sfZmmAXvTu-Jqalapwdi8A,,3592
–°–∏–ª—É—ç—Ç—ã,https://i.ibb.co/2gJb0gh/24-25.png,IStyle Beauty,–¢–∞–∫–∏ –î–∞,"–õ—é–¥–∏, –°–æ–≤—Ä–µ–º–µ–Ω–Ω—ã–π, –ú–∏–Ω–∏–º–∞–ª–∏–∑–º,–°–∏–ª—É—ç—Ç—ã, –†—É–∫–∏",BJTXchyjSpC8ANl-XAx8fA,,3592
–°–∏–ª—É—ç—Ç—ã,https://i.ibb.co/xXS1Kk8/25-26.png,IStyle Beauty,–¢–∞–∫–∏ –î–∞,"–õ—é–¥–∏, –°–æ–≤—Ä–µ–º–µ–Ω–Ω—ã–π, –ú–∏–Ω–∏–º–∞–ª–∏–∑–º,–°–∏–ª—É—ç—Ç—ã, –õ–∏—Ü–æ",HG4rSKHuR169abxhvsxJtQ,,3592
–°–∏–ª—É—ç—Ç—ã,https://i.ibb.co/zbKhknH/26-27.png,IStyle Beauty,–¢–∞–∫–∏ –î–∞,"–õ—é–¥–∏, –°–æ–≤—Ä–µ–º–µ–Ω–Ω—ã–π, –ú–∏–Ω–∏–º–∞–ª–∏–∑–º,–°–∏–ª—É—ç—Ç—ã",9qaXTUspQ-azvRYgjiGD5g,,3592
–°–∏–ª—É—ç—Ç—ã,https://i.ibb.co/SXXTqD1/27-28.png,IStyle Beauty,–¢–∞–∫–∏ –î–∞,"–õ—é–¥–∏, –°–æ–≤—Ä–µ–º–µ–Ω–Ω—ã–π, –ú–∏–Ω–∏–º–∞–ª–∏–∑–º,–°–∏–ª—É—ç—Ç—ã, –ì—É–±—ã",5OmArVIaQ1Cu.W74PEvRQQ,,3592
–°–∏–ª—É—ç—Ç—ã,https://i.ibb.co/jwgjLZN/28-29.png,IStyle Beauty,–¢–∞–∫–∏ –î–∞,"–õ—é–¥–∏, –°–æ–≤—Ä–µ–º–µ–Ω–Ω—ã–π, –ú–∏–Ω–∏–º–∞–ª–∏–∑–º,–°–∏–ª—É—ç—Ç—ã, –¢–µ–ª–æ",JoDP.mzYRiSAHU-AzNdzRg,,3592
–°–∏–ª—É—ç—Ç—ã,https://i.ibb.co/cgBVZ7k/29-30.png,IStyle Beauty,–¢–∞–∫–∏ –î–∞,"–õ—é–¥–∏, –°–æ–≤—Ä–µ–º–µ–Ω–Ω—ã–π, –ú–∏–Ω–∏–º–∞–ª–∏–∑–º,–°–∏–ª—É—ç—Ç—ã, –õ–∏—Ü–æ",W2SYSwkJT7COez20N7wfWg,,3592
–°–∏–ª—É—ç—Ç—ã,https://i.ibb.co/sVjtHL0/30-31.png,IStyle Beauty,–¢–∞–∫–∏ –î–∞,"–õ—é–¥–∏, –°–æ–≤—Ä–µ–º–µ–Ω–Ω—ã–π, –ú–∏–Ω–∏–º–∞–ª–∏–∑–º,–°–∏–ª—É—ç—Ç—ã, –õ–∏—Ü–æ",QBxw5kdoTZK95tFrhKSVGw,,3592
–°–∏–ª—É—ç—Ç—ã,https://i.ibb.co/x79p3gg/31-32.png,IStyle Beauty,–¢–∞–∫–∏ –î–∞,"–õ—é–¥–∏, –°–æ–≤—Ä–µ–º–µ–Ω–Ω—ã–π, –ú–∏–Ω–∏–º–∞–ª–∏–∑–º,–°–∏–ª—É—ç—Ç—ã, –õ–∏—Ü–æ",pNZ.SZWnTd2nS-astAWXig,,3592
–°–∏–ª—É—ç—Ç—ã,https://i.ibb.co/LP7Z2qG/32-33.png,IStyle Beauty,–¢–∞–∫–∏ –î–∞,"–õ—é–¥–∏, –°–æ–≤—Ä–µ–º–µ–Ω–Ω—ã–π, –ú–∏–Ω–∏–º–∞–ª–∏–∑–º,–°–∏–ª—É—ç—Ç—ã, –¢–µ–ª–æ",6o25Tx4iSHW-rNdrH4fGeQ,,3592
–°–∏–ª—É—ç—Ç—ã,https://i.ibb.co/dPk1F8F/33-34.png,IStyle Beauty,–¢–∞–∫–∏ –î–∞,"–õ—é–¥–∏, –°–æ–≤—Ä–µ–º–µ–Ω–Ω—ã–π, –ú–∏–Ω–∏–º–∞–ª–∏–∑–º,–°–∏–ª—É—ç—Ç—ã, –†—É–∫–∏",TJwRXYzxQ-W5AqIxQwbz9w,,3592
–°–∏–ª—É—ç—Ç—ã,https://i.ibb.co/3N7F6nq/34-35.png,IStyle Beauty,–¢–∞–∫–∏ –î–∞,"–õ—é–¥–∏, –°–æ–≤—Ä–µ–º–µ–Ω–Ω—ã–π, –ú–∏–Ω–∏–º–∞–ª–∏–∑–º,–°–∏–ª—É—ç—Ç—ã, –†—É–∫–∏",b2Hhjsp6TxKnGkF1hJujxg,,3592
–°–∏–ª—É—ç—Ç—ã,https://i.ibb.co/grhZyLg/35-36.png,IStyle Beauty,–¢–∞–∫–∏ –î–∞,"–õ—é–¥–∏, –°–æ–≤—Ä–µ–º–µ–Ω–Ω—ã–π, –ú–∏–Ω–∏–º–∞–ª–∏–∑–º,–°–∏–ª—É—ç—Ç—ã",4tNvXP-YRf-s09rOtVo0sg,,3592
–°–∏–ª—É—ç—Ç—ã,https://i.ibb.co/zfygGDp/36-37.png,IStyle Beauty,–¢–∞–∫–∏ –î–∞,"–õ—é–¥–∏, –°–æ–≤—Ä–µ–º–µ–Ω–Ω—ã–π, –ú–∏–Ω–∏–º–∞–ª–∏–∑–º,–°–∏–ª—É—ç—Ç—ã, –†—É–∫–∏",jVoVzkQ9SOK9aXLF.IEcLw,,3592
–°–∏–ª—É—ç—Ç—ã,https://i.ibb.co/hysjZqz/37-38.png,IStyle Beauty,–¢–∞–∫–∏ –î–∞,"–õ—é–¥–∏, –°–æ–≤—Ä–µ–º–µ–Ω–Ω—ã–π, –ú–∏–Ω–∏–º–∞–ª–∏–∑–º,–°–∏–ª—É—ç—Ç—ã, –†—É–∫–∏",bT7lggrzT6STOvPVnepISg,,3592
–°–∏–ª—É—ç—Ç—ã,https://i.ibb.co/YWVF2jC/38-39.png,IStyle Beauty,–¢–∞–∫–∏ –î–∞,"–°–æ–≤—Ä–µ–º–µ–Ω–Ω—ã–π, –ú–∏–Ω–∏–º–∞–ª–∏–∑–º,–°–∏–ª—É—ç—Ç—ã",FOP9cSyCQ1KLGzhKccVHsw,,3592
–°–∏–ª—É—ç—Ç—ã,https://i.ibb.co/ZhYttsm/39-40.png,IStyle Beauty,–¢–∞–∫–∏ –î–∞,"–°–æ–≤—Ä–µ–º–µ–Ω–Ω—ã–π, –ú–∏–Ω–∏–º–∞–ª–∏–∑–º,–°–∏–ª—É—ç—Ç—ã",a-BkdXtaUTVi9a.r5bdCEtA,,3592
–°–∏–ª—É—ç—Ç—ã,https://i.ibb.co/6YWbcVM/40-41.png,IStyle Beauty,–¢–∞–∫–∏ –î–∞,"–õ—é–¥–∏, –°–æ–≤—Ä–µ–º–µ–Ω–Ω—ã–π, –ú–∏–Ω–∏–º–∞–ª–∏–∑–º,–°–∏–ª—É—ç—Ç—ã, –†—É–∫–∏",AgM9R0S2Rv2bpDRYvbDSSw,,3592
–°–∏–ª—É—ç—Ç—ã,https://i.ibb.co/phjchyM/41-42.png,IStyle Beauty,–¢–∞–∫–∏ –î–∞,"–°–æ–≤—Ä–µ–º–µ–Ω–Ω—ã–π, –ú–∏–Ω–∏–º–∞–ª–∏–∑–º,–°–∏–ª—É—ç—Ç—ã, –î–µ—Å–µ—Ä—Ç—ã",PEpYNONzStawz83j28g.EQ,,3592
–°–∏–ª—É—ç—Ç—ã,https://i.ibb.co/fnJ7Sk5/42-43.png,IStyle Beauty,–¢–∞–∫–∏ –î–∞,"–°–æ–≤—Ä–µ–º–µ–Ω–Ω—ã–π, –ú–∏–Ω–∏–º–∞–ª–∏–∑–º,–°–∏–ª—É—ç—Ç—ã, –§—Ä—É–∫—Ç—ã",nogHJA4jQ9Os6l39bE7dQg,,3592
–°–∏–ª—É—ç—Ç—ã,https://i.ibb.co/Hn0rqxV/43-44.png,IStyle Beauty,–¢–∞–∫–∏ –î–∞,"–°–æ–≤—Ä–µ–º–µ–Ω–Ω—ã–π, –ú–∏–Ω–∏–º–∞–ª–∏–∑–º,–°–∏–ª—É—ç—Ç—ã, –û–≥–æ–Ω—å",KjWn0u-MQse8b1kSLlzI9Q,,3592
–°–∏–ª—É—ç—Ç—ã,https://i.ibb.co/0tZGygc/44-45.png,IStyle Beauty,–¢–∞–∫–∏ –î–∞,"–°–æ–≤—Ä–µ–º–µ–Ω–Ω—ã–π, –ú–∏–Ω–∏–º–∞–ª–∏–∑–º,–°–∏–ª—É—ç—Ç—ã, –¶–≤–µ—Ç—ã",CVJi1j0XQW2ode-SG5amxA,,3592
–°–∏–ª—É—ç—Ç—ã,https://i.ibb.co/kXVhthc/45-46.png,IStyle Beauty,–¢–∞–∫–∏ –î–∞,"–°–æ–≤—Ä–µ–º–µ–Ω–Ω—ã–π, –ú–∏–Ω–∏–º–∞–ª–∏–∑–º,–°–∏–ª—É—ç—Ç—ã, –¶–≤–µ—Ç—ã",j2krsaMDQHS5pYvs57gFYQ,,3592
–°–∏–ª—É—ç—Ç—ã,https://i.ibb.co/XzXgw2X/46-47.png,IStyle Beauty,–¢–∞–∫–∏ –î–∞,"–°–æ–≤—Ä–µ–º–µ–Ω–Ω—ã–π, –ú–∏–Ω–∏–º–∞–ª–∏–∑–º,–°–∏–ª—É—ç—Ç—ã, –¶–≤–µ—Ç—ã",jZMJ-GHdSequ6fCC5mej-w,,3592
–°–∏–ª—É—ç—Ç—ã,https://i.ibb.co/yP9PqKx/47-48.png,IStyle Beauty,–¢–∞–∫–∏ –î–∞,"–°–æ–≤—Ä–µ–º–µ–Ω–Ω—ã–π, –ú–∏–Ω–∏–º–∞–ª–∏–∑–º,–°–∏–ª—É—ç—Ç—ã, –¶–≤–µ—Ç—ã",YQG4AJE6SHifUE-qqX9K2A,,3592
–°–∏–ª—É—ç—Ç—ã,https://i.ibb.co/txxnwsn/48-49.png,IStyle Beauty,–¢–∞–∫–∏ –î–∞,"–°–æ–≤—Ä–µ–º–µ–Ω–Ω—ã–π, –ú–∏–Ω–∏–º–∞–ª–∏–∑–º,–°–∏–ª—É—ç—Ç—ã, –¶–≤–µ—Ç—ã",xBoDHpTWTjm9xBr84wXpfw,,3592
–°–∏–ª—É—ç—Ç—ã,https://i.ibb.co/P1ysg9Q/49-50.png,IStyle Beauty,–¢–∞–∫–∏ –î–∞,"–°–æ–≤—Ä–µ–º–µ–Ω–Ω—ã–π, –ú–∏–Ω–∏–º–∞–ª–∏–∑–º,–°–∏–ª—É—ç—Ç—ã, –¶–≤–µ—Ç—ã",rrvLNWfWQ2uhZnUCvaxV8A,,3592
–°–∏–ª—É—ç—Ç—ã,https://i.ibb.co/bKP3rGX/50-51.png,IStyle Beauty,–¢–∞–∫–∏ –î–∞,"–°–æ–≤—Ä–µ–º–µ–Ω–Ω—ã–π, –ú–∏–Ω–∏–º–∞–ª–∏–∑–º,–°–∏–ª—É—ç—Ç—ã, –°–µ—Ä–¥—Ü–µ",2-cxAH9AQ06FwLMU002Zvw,,3592
–°–∏–ª—É—ç—Ç—ã,https://i.ibb.co/hfwS2W6/51-52.png,IStyle Beauty,–¢–∞–∫–∏ –î–∞,"–°–æ–≤—Ä–µ–º–µ–Ω–Ω—ã–π, –ú–∏–Ω–∏–º–∞–ª–∏–∑–º,–°–∏–ª—É—ç—Ç—ã, –°–µ—Ä–¥—Ü–µ",N8h2c1q3RQq8.U0YJEgqUQ,,3592
–°–∏–ª—É—ç—Ç—ã,https://i.ibb.co/hLXstn3/52-53.png,IStyle Beauty,–¢–∞–∫–∏ –î–∞,"–°–æ–≤—Ä–µ–º–µ–Ω–Ω—ã–π, –ú–∏–Ω–∏–º–∞–ª–∏–∑–º,–°–∏–ª—É—ç—Ç—ã, –°–µ—Ä–¥—Ü–µ",GVNkyd7cRqiuWneN6zAORg,,3592
–°–∏–ª—É—ç—Ç—ã,https://i.ibb.co/GkZwR6z/53-54.png,IStyle Beauty,–¢–∞–∫–∏ –î–∞,"–°–æ–≤—Ä–µ–º–µ–Ω–Ω—ã–π, –ú–∏–Ω–∏–º–∞–ª–∏–∑–º,–°–∏–ª—É—ç—Ç—ã, –¶–≤–µ—Ç—ã",vY4PsqMOS7SLeK9To.UKqQ,,3592
–°–∏–ª—É—ç—Ç—ã,https://i.ibb.co/C8KfCvL/54-55.png,IStyle Beauty,–¢–∞–∫–∏ –î–∞,"–°–æ–≤—Ä–µ–º–µ–Ω–Ω—ã–π, –ú–∏–Ω–∏–º–∞–ª–∏–∑–º,–°–∏–ª—É—ç—Ç—ã, –¶–≤–µ—Ç—ã",V4oU29kwRfqMI7P.0Ba6gQ,,3592
–°–∏–ª—É—ç—Ç—ã,https://i.ibb.co/7CzLV1j/55-56.png,IStyle Beauty,–¢–∞–∫–∏ –î–∞,"–°–æ–≤—Ä–µ–º–µ–Ω–Ω—ã–π, –ú–∏–Ω–∏–º–∞–ª–∏–∑–º,–°–∏–ª—É—ç—Ç—ã, –¶–≤–µ—Ç—ã",umdlGEDOT1SND.dTUPzNZg,,3592
–°–∏–ª—É—ç—Ç—ã,https://i.ibb.co/nnRm8FK/56-57.png,IStyle Beauty,–¢–∞–∫–∏ –î–∞,"–°–æ–≤—Ä–µ–º–µ–Ω–Ω—ã–π, –ú–∏–Ω–∏–º–∞–ª–∏–∑–º,–°–∏–ª—É—ç—Ç—ã, –¶–≤–µ—Ç—ã",mggb7xsIRLyhyb823n5VYQ,,3592
–°–∏–ª—É—ç—Ç—ã,https://i.ibb.co/qywbyc1/57-58.png,IStyle Beauty,–¢–∞–∫–∏ –î–∞,"–°–æ–≤—Ä–µ–º–µ–Ω–Ω—ã–π, –ú–∏–Ω–∏–º–∞–ª–∏–∑–º,–°–∏–ª—É—ç—Ç—ã, –¶–≤–µ—Ç—ã",Iqv5CDemS3GbnFNsbVDGtw,,3592
–°–∏–ª—É—ç—Ç—ã,https://i.ibb.co/j440Kr4/58-59.png,IStyle Beauty,–¢–∞–∫–∏ –î–∞,"–°–æ–≤—Ä–µ–º–µ–Ω–Ω—ã–π, –ú–∏–Ω–∏–º–∞–ª–∏–∑–º,–°–∏–ª—É—ç—Ç—ã, –¶–≤–µ—Ç—ã",GVTLc1e.SC6sfGruP10d0Q,,3592
–°–∏–ª—É—ç—Ç—ã,https://i.ibb.co/z4nXfTm/59-60.png,IStyle Beauty,–¢–∞–∫–∏ –î–∞,"–°–æ–≤—Ä–µ–º–µ–Ω–Ω—ã–π, –ú–∏–Ω–∏–º–∞–ª–∏–∑–º,–°–∏–ª—É—ç—Ç—ã, –¶–≤–µ—Ç—ã",n5Mq-W1dRyqwAGdPeibjTg,,3592
–°–∏–ª—É—ç—Ç—ã,https://i.ibb.co/478jWVn/60-61.png,IStyle Beauty,–¢–∞–∫–∏ –î–∞,"–°–æ–≤—Ä–µ–º–µ–Ω–Ω—ã–π, –ú–∏–Ω–∏–º–∞–ª–∏–∑–º,–°–∏–ª—É—ç—Ç—ã, –¶–≤–µ—Ç—ã",fzMxj3TGRlelVlN1KQ1QiA,,3592
–°–∏–ª—É—ç—Ç—ã,https://i.ibb.co/TDf5Hmw/61-62.png,IStyle Beauty,–¢–∞–∫–∏ –î–∞,"–°–æ–≤—Ä–µ–º–µ–Ω–Ω—ã–π, –ú–∏–Ω–∏–º–∞–ª–∏–∑–º,–°–∏–ª—É—ç—Ç—ã, –¶–≤–µ—Ç—ã",2OPiAiWVR7etai57hv6SQQ,,3592
–°–∏–ª—É—ç—Ç—ã,https://i.ibb.co/kXjrmhG/62-63.png,IStyle Beauty,–¢–∞–∫–∏ –î–∞,"–°–æ–≤—Ä–µ–º–µ–Ω–Ω—ã–π, –ú–∏–Ω–∏–º–∞–ª–∏–∑–º,–°–∏–ª—É—ç—Ç—ã, –¶–≤–µ—Ç—ã",K0tgIUGVTY-a8BtmziVbRw,,3592
–°–∏–ª—É—ç—Ç—ã,https://i.ibb.co/Mg5QPwP/63-64.png,IStyle Beauty,–¢–∞–∫–∏ –î–∞,"–°–æ–≤—Ä–µ–º–µ–Ω–Ω—ã–π, –ú–∏–Ω–∏–º–∞–ª–∏–∑–º,–°–∏–ª—É—ç—Ç—ã, –î–µ—Å–µ—Ä—Ç—ã",5ijEQ8QSRgqr0jt7N2J7vA,,3592
–°–∏–ª—É—ç—Ç—ã,https://i.ibb.co/kBnrkxX/64-65.png,IStyle Beauty,–¢–∞–∫–∏ –î–∞,"–°–æ–≤—Ä–µ–º–µ–Ω–Ω—ã–π, –ú–∏–Ω–∏–º–∞–ª–∏–∑–º,–°–∏–ª—É—ç—Ç—ã, –ñ–∏–≤–æ—Ç–Ω—ã–µ",kV02ZnryTamT1krtDz62cA,,3592
–°–∏–ª—É—ç—Ç—ã,https://i.ibb.co/XDxkF8j/65-66.png,IStyle Beauty,–¢–∞–∫–∏ –î–∞,"–°–æ–≤—Ä–µ–º–µ–Ω–Ω—ã–π, –ú–∏–Ω–∏–º–∞–ª–∏–∑–º,–°–∏–ª—É—ç—Ç—ã, –ñ–∏–≤–æ—Ç–Ω—ã–µ",a.qUkJJ9rRMixb-m05tZyJw,,3592
–°–∏–ª—É—ç—Ç—ã,https://i.ibb.co/ZW7SHNM/66-67.png,IStyle Beauty,–¢–∞–∫–∏ –î–∞,"–°–æ–≤—Ä–µ–º–µ–Ω–Ω—ã–π, –ú–∏–Ω–∏–º–∞–ª–∏–∑–º,–°–∏–ª—É—ç—Ç—ã, –ñ–∏–≤–æ—Ç–Ω—ã–µ",9ReGY6G1RzCCVLgP05mKEA,,3592
–°–∏–ª—É—ç—Ç—ã,https://i.ibb.co/pLZ4g36/67-68.png,IStyle Beauty,–¢–∞–∫–∏ –î–∞,"–°–æ–≤—Ä–µ–º–µ–Ω–Ω—ã–π, –ú–∏–Ω–∏–º–∞–ª–∏–∑–º,–°–∏–ª—É—ç—Ç—ã, –ñ–∏–≤–æ—Ç–Ω—ã–µ",zI-6.0xQTJCYfuOFjf9K.A,,3592
–°–∏–ª—É—ç—Ç—ã,https://i.ibb.co/3p5PSfm/68-69.png,IStyle Beauty,–¢–∞–∫–∏ –î–∞,"–°–æ–≤—Ä–µ–º–µ–Ω–Ω—ã–π, –ú–∏–Ω–∏–º–∞–ª–∏–∑–º,–°–∏–ª—É—ç—Ç—ã, –ñ–∏–≤–æ—Ç–Ω—ã–µ",VVSmvzyXRT6iKi4G.RienA,,3592
–°–∏–ª—É—ç—Ç—ã,https://i.ibb.co/bs4rJRr/69-70.png,IStyle Beauty,–¢–∞–∫–∏ –î–∞,"–°–æ–≤—Ä–µ–º–µ–Ω–Ω—ã–π, –ú–∏–Ω–∏–º–∞–ª–∏–∑–º,–°–∏–ª—É—ç—Ç—ã, –ñ–∏–≤–æ—Ç–Ω—ã–µ",ZwCHWpriSr2Jw931ed-0oQ,,3592
–°–∏–ª—É—ç—Ç—ã,https://i.ibb.co/z2TYJvW/70-71.png,IStyle Beauty,–¢–∞–∫–∏ –î–∞,"–°–æ–≤—Ä–µ–º–µ–Ω–Ω—ã–π, –ú–∏–Ω–∏–º–∞–ª–∏–∑–º,–°–∏–ª—É—ç—Ç—ã, –ñ–∏–≤–æ—Ç–Ω—ã–µ",NFvea.a6TGG6ARQhFFYkdQ,,3592
–°–∏–ª—É—ç—Ç—ã,https://i.ibb.co/HT7PCJv/71-72.png,IStyle Beauty,–¢–∞–∫–∏ –î–∞,"–°–æ–≤—Ä–µ–º–µ–Ω–Ω—ã–π, –ú–∏–Ω–∏–º–∞–ª–∏–∑–º,–°–∏–ª—É—ç—Ç—ã, –ñ–∏–≤–æ—Ç–Ω—ã–µ",NBjFZPEkTkaZZIgGVeBNYA,,3592
–°–∏–ª—É—ç—Ç—ã,https://i.ibb.co/jg8CmkR/72-73.png,IStyle Beauty,–¢–∞–∫–∏ –î–∞,"–°–æ–≤—Ä–µ–º–µ–Ω–Ω—ã–π, –ú–∏–Ω–∏–º–∞–ª–∏–∑–º,–°–∏–ª—É—ç—Ç—ã, –ñ–∏–≤–æ—Ç–Ω—ã–µ",s380Mb-8Th6TUZROwXpzkQ,,3592
–°–∏–ª—É—ç—Ç—ã,https://i.ibb.co/7zgc5mS/73-74.png,IStyle Beauty,–¢–∞–∫–∏ –î–∞,"–°–æ–≤—Ä–µ–º–µ–Ω–Ω—ã–π, –ú–∏–Ω–∏–º–∞–ª–∏–∑–º,–°–∏–ª—É—ç—Ç—ã, –ñ–∏–≤–æ—Ç–Ω—ã–µ",89EkLqu5T.a.lvWWc44HbA,,3592
–°–∏–ª—É—ç—Ç—ã,https://i.ibb.co/thYS71N/74-75.png,IStyle Beauty,–¢–∞–∫–∏ –î–∞,"–°–æ–≤—Ä–µ–º–µ–Ω–Ω—ã–π, –ú–∏–Ω–∏–º–∞–ª–∏–∑–º,–°–∏–ª—É—ç—Ç—ã, –ñ–∏–≤–æ—Ç–Ω—ã–µ",Jkt2Y5qlSB6BE24j55JvQA,,3592
–°–∏–ª—É—ç—Ç—ã,https://i.ibb.co/R7hgYcS/75-76.png,IStyle Beauty,–¢–∞–∫–∏ –î–∞,"–°–æ–≤—Ä–µ–º–µ–Ω–Ω—ã–π, –ú–∏–Ω–∏–º–∞–ª–∏–∑–º,–°–∏–ª—É—ç—Ç—ã, –ñ–∏–≤–æ—Ç–Ω—ã–µ",zFVLxdVhQUe9zRmkRmX83g,,3592
–°–∏–ª—É—ç—Ç—ã,https://i.ibb.co/BBT9LH8/76-77.png,IStyle Beauty,–¢–∞–∫–∏ –î–∞,"–°–æ–≤—Ä–µ–º–µ–Ω–Ω—ã–π, –ú–∏–Ω–∏–º–∞–ª–∏–∑–º,–°–∏–ª—É—ç—Ç—ã, –ñ–∏–≤–æ—Ç–Ω—ã–µ",QoCR5okES.O9HPKBmuvs6Q,,3592
–°–∏–ª—É—ç—Ç—ã,https://i.ibb.co/DCmbkR1/77-78.png,IStyle Beauty,–¢–∞–∫–∏ –î–∞,"–°–æ–≤—Ä–µ–º–µ–Ω–Ω—ã–π, –ú–∏–Ω–∏–º–∞–ª–∏–∑–º,–°–∏–ª—É—ç—Ç—ã, –ñ–∏–≤–æ—Ç–Ω—ã–µ",RlfbOb.7Tg2dAA.KOZ7Y5w,,3592
–°–∏–ª—É—ç—Ç—ã,https://i.ibb.co/cFqxCcp/78-79.png,IStyle Beauty,–¢–∞–∫–∏ –î–∞,"–°–æ–≤—Ä–µ–º–µ–Ω–Ω—ã–π, –ú–∏–Ω–∏–º–∞–ª–∏–∑–º,–°–∏–ª—É—ç—Ç—ã, –ñ–∏–≤–æ—Ç–Ω—ã–µ",5kIe4J55S.ywTmYv.9Sq6Q,,3592
–°–∏–ª—É—ç—Ç—ã,https://i.ibb.co/d5wq8fj/79-80.png,IStyle Beauty,–¢–∞–∫–∏ –î–∞,"–°–æ–≤—Ä–µ–º–µ–Ω–Ω—ã–π, –ú–∏–Ω–∏–º–∞–ª–∏–∑–º,–°–∏–ª—É—ç—Ç—ã, –ñ–∏–≤–æ—Ç–Ω—ã–µ",8GBJjyprR-u.A9QXh0Yrcw,,3592
–°–∏–ª—É—ç—Ç—ã,https://i.ibb.co/YLLYn4q/80-81.png,IStyle Beauty,–¢–∞–∫–∏ –î–∞,"–°–æ–≤—Ä–µ–º–µ–Ω–Ω—ã–π, –ú–∏–Ω–∏–º–∞–ª–∏–∑–º,–°–∏–ª—É—ç—Ç—ã, –ñ–∏–≤–æ—Ç–Ω—ã–µ",qv23e17WQvyiMn-4t7PabQ,,3592
–°–∏–ª—É—ç—Ç—ã,https://i.ibb.co/2dZCSFK/81-82.png,IStyle Beauty,–¢–∞–∫–∏ –î–∞,"–°–æ–≤—Ä–µ–º–µ–Ω–Ω—ã–π, –ú–∏–Ω–∏–º–∞–ª–∏–∑–º,–°–∏–ª—É—ç—Ç—ã, –ñ–∏–≤–æ—Ç–Ω—ã–µ",a.eC5hCvOSjux8NJmqX69eA,,3592
–°–∏–ª—É—ç—Ç—ã,https://i.ibb.co/m4T0GLb/82-83.png,IStyle Beauty,–¢–∞–∫–∏ –î–∞,"–°–æ–≤—Ä–µ–º–µ–Ω–Ω—ã–π, –ú–∏–Ω–∏–º–∞–ª–∏–∑–º,–°–∏–ª—É—ç—Ç—ã, –ñ–∏–≤–æ—Ç–Ω—ã–µ",5Sp.Cew2TkyV6HO3Ymdqlw,,3592
–°–∏–ª—É—ç—Ç—ã,https://i.ibb.co/bHR8y4H/83-84.png,IStyle Beauty,–¢–∞–∫–∏ –î–∞,"–°–æ–≤—Ä–µ–º–µ–Ω–Ω—ã–π, –ú–∏–Ω–∏–º–∞–ª–∏–∑–º,–°–∏–ª—É—ç—Ç—ã, –ñ–∏–≤–æ—Ç–Ω—ã–µ",17dT8pnRSP6vAf6BEN2Bgw,,3592
–°–∏–ª—É—ç—Ç—ã,https://i.ibb.co/51KSJmd/84-85.png,IStyle Beauty,–¢–∞–∫–∏ –î–∞,"–°–æ–≤—Ä–µ–º–µ–Ω–Ω—ã–π, –ú–∏–Ω–∏–º–∞–ª–∏–∑–º,–°–∏–ª—É—ç—Ç—ã, –ñ–∏–≤–æ—Ç–Ω—ã–µ",UsdAz22mTE6IYkdI3JdPEw,,3592
–°–∏–ª—É—ç—Ç—ã,https://i.ibb.co/QFwm8Cm/85-86.png,IStyle Beauty,–¢–∞–∫–∏ –î–∞,"–°–æ–≤—Ä–µ–º–µ–Ω–Ω—ã–π, –ú–∏–Ω–∏–º–∞–ª–∏–∑–º,–°–∏–ª—É—ç—Ç—ã, –ñ–∏–≤–æ—Ç–Ω—ã–µ",SwAVjJkPTMKWA4EdmFB1mA,,3592
–°–∏–ª—É—ç—Ç—ã,https://i.ibb.co/LQKTNNS/86-87.png,IStyle Beauty,–¢–∞–∫–∏ –î–∞,"–°–æ–≤—Ä–µ–º–µ–Ω–Ω—ã–π, –ú–∏–Ω–∏–º–∞–ª–∏–∑–º,–°–∏–ª—É—ç—Ç—ã, –ñ–∏–≤–æ—Ç–Ω—ã–µ",y4pKxhZEQO2LCNMrgtY7dA,,3592
–°–∏–ª—É—ç—Ç—ã,https://i.ibb.co/CzSh8q5/87-88.png,IStyle Beauty,–¢–∞–∫–∏ –î–∞,"–°–æ–≤—Ä–µ–º–µ–Ω–Ω—ã–π, –ú–∏–Ω–∏–º–∞–ª–∏–∑–º,–°–∏–ª—É—ç—Ç—ã, –ñ–∏–≤–æ—Ç–Ω—ã–µ",BcUyMX-fRh-acZ3I1c9HtQ,,3592
–°–∏–ª—É—ç—Ç—ã,https://i.ibb.co/HVyS242/88-89.png,IStyle Beauty,–¢–∞–∫–∏ –î–∞,"–°–æ–≤—Ä–µ–º–µ–Ω–Ω—ã–π, –ú–∏–Ω–∏–º–∞–ª–∏–∑–º,–°–∏–ª—É—ç—Ç—ã, –ñ–∏–≤–æ—Ç–Ω—ã–µ",FsLgo2HVQNSIfwKsmKrZ8w,3,3592
–°–∏–ª—É—ç—Ç—ã,https://i.ibb.co/YQRDK52/89-90.png,IStyle Beauty,–¢–∞–∫–∏ –î–∞,"–°–æ–≤—Ä–µ–º–µ–Ω–Ω—ã–π, –ú–∏–Ω–∏–º–∞–ª–∏–∑–º,–°–∏–ª—É—ç—Ç—ã, –ñ–∏–≤–æ—Ç–Ω—ã–µ",NOGZVQ21TZitCVreMzG1fg,,3592
–°–∏–ª—É—ç—Ç—ã,https://i.ibb.co/mTTphZ8/90-91.png,IStyle Beauty,–¢–∞–∫–∏ –î–∞,"–°–æ–≤—Ä–µ–º–µ–Ω–Ω—ã–π, –ú–∏–Ω–∏–º–∞–ª–∏–∑–º,–°–∏–ª—É—ç—Ç—ã, –ñ–∏–≤–æ—Ç–Ω—ã–µ",UBzphDIeT0ClkVl-2HQjrw,,3592
–°–∏–ª—É—ç—Ç—ã,https://i.ibb.co/LJ2B7Fh/91-92.png,IStyle Beauty,–¢–∞–∫–∏ –î–∞,"–°–æ–≤—Ä–µ–º–µ–Ω–Ω—ã–π, –ú–∏–Ω–∏–º–∞–ª–∏–∑–º,–°–∏–ª—É—ç—Ç—ã, –ñ–∏–≤–æ—Ç–Ω—ã–µ",Ok-jgRcjStiECXwBm.rGAQ,,3592
–°–∏–ª—É—ç—Ç—ã,https://i.ibb.co/QkD33rT/92-93.png,IStyle Beauty,–¢–∞–∫–∏ –î–∞,"–°–æ–≤—Ä–µ–º–µ–Ω–Ω—ã–π, –ú–∏–Ω–∏–º–∞–ª–∏–∑–º,–°–∏–ª—É—ç—Ç—ã, –ñ–∏–≤–æ—Ç–Ω—ã–µ",mM0MFzHRR5uyBVq.hBryIA,,3592
–°–∏–ª—É—ç—Ç—ã,https://i.ibb.co/L6rbsNZ/93-94.png,IStyle Beauty,–¢–∞–∫–∏ –î–∞,"–°–æ–≤—Ä–µ–º–µ–Ω–Ω—ã–π, –ú–∏–Ω–∏–º–∞–ª–∏–∑–º,–°–∏–ª—É—ç—Ç—ã, –ñ–∏–≤–æ—Ç–Ω—ã–µ",gXH-hpHbSUCxhT8SFnj5IQ,,3592
–°–∏–ª—É—ç—Ç—ã,https://i.ibb.co/HdQJHSP/94-93.png,IStyle Beauty,–¢–∞–∫–∏ –î–∞,"–°–æ–≤—Ä–µ–º–µ–Ω–Ω—ã–π, –ú–∏–Ω–∏–º–∞–ª–∏–∑–º,–°–∏–ª—É—ç—Ç—ã, –ñ–∏–≤–æ—Ç–Ω—ã–µ",XNKqmG-sR7OWUSRvo4z1eQ,,3592
–°–∏–ª—É—ç—Ç—ã,https://i.ibb.co/QphNStT/95-96.png,IStyle Beauty,–¢–∞–∫–∏ –î–∞,"–°–æ–≤—Ä–µ–º–µ–Ω–Ω—ã–π, –ú–∏–Ω–∏–º–∞–ª–∏–∑–º,–°–∏–ª—É—ç—Ç—ã, –ñ–∏–≤–æ—Ç–Ω—ã–µ",Gwy-QFSHRnem4Bl9LI4IXw,,3592
–°–∏–ª—É—ç—Ç—ã,https://i.ibb.co/K9R8bCM/96-97.png,IStyle Beauty,–¢–∞–∫–∏ –î–∞,"–°–æ–≤—Ä–µ–º–µ–Ω–Ω—ã–π, –ú–∏–Ω–∏–º–∞–ª–∏–∑–º,–°–∏–ª—É—ç—Ç—ã, –ñ–∏–≤–æ—Ç–Ω—ã–µ",dUYlgCw3SCWKKnzf3mTZpg,,3592
–°–∏–ª—É—ç—Ç—ã,https://i.ibb.co/3mrvJd2/97-98.png,IStyle Beauty,–¢–∞–∫–∏ –î–∞,"–°–æ–≤—Ä–µ–º–µ–Ω–Ω—ã–π, –ú–∏–Ω–∏–º–∞–ª–∏–∑–º,–°–∏–ª—É—ç—Ç—ã, –ñ–∏–≤–æ—Ç–Ω—ã–µ",k5NHWbvMRdSCpzTpOyORzw,,3592
–°–∏–ª—É—ç—Ç—ã,https://i.ibb.co/kcjvGyK/98-99.png,IStyle Beauty,–¢–∞–∫–∏ –î–∞,"–°–æ–≤—Ä–µ–º–µ–Ω–Ω—ã–π, –ú–∏–Ω–∏–º–∞–ª–∏–∑–º,–°–∏–ª—É—ç—Ç—ã, –ñ–∏–≤–æ—Ç–Ω—ã–µ",vNBi8lotQg6uIl4xWUVq7g,,3592
–°–∏–ª—É—ç—Ç—ã,https://i.ibb.co/16k71wk/99-100.png,IStyle Beauty,–¢–∞–∫–∏ –î–∞,"–°–æ–≤—Ä–µ–º–µ–Ω–Ω—ã–π, –ú–∏–Ω–∏–º–∞–ª–∏–∑–º,–°–∏–ª—É—ç—Ç—ã, –ì–ª–æ–±—É—Å",ovagd0zLRq-39BO7Uune4A,,3592
–°–∏–ª—É—ç—Ç—ã,https://i.ibb.co/cQkLCr4/100-101.png,IStyle Beauty,–¢–∞–∫–∏ –î–∞,"–°–æ–≤—Ä–µ–º–µ–Ω–Ω—ã–π, –ú–∏–Ω–∏–º–∞–ª–∏–∑–º,–°–∏–ª—É—ç—Ç—ã, –ñ–∏–≤–æ—Ç–Ω—ã–µ",Z-iXCFi3TDe-J0mTmjQRtQ,,3592
–°–∏–ª—É—ç—Ç—ã,https://i.ibb.co/cQn231n/101-102.png,IStyle Beauty,–¢–∞–∫–∏ –î–∞,"–°–æ–≤—Ä–µ–º–µ–Ω–Ω—ã–π, –ú–∏–Ω–∏–º–∞–ª–∏–∑–º,–°–∏–ª—É—ç—Ç—ã, –ñ–∏–≤–æ—Ç–Ω—ã–µ",8UYs9n93R.2aPzKkjfgP1A,,3592
–°–∏–ª—É—ç—Ç—ã,https://i.ibb.co/bHNfGTk/102-103.png,IStyle Beauty,–¢–∞–∫–∏ –î–∞,"–°–æ–≤—Ä–µ–º–µ–Ω–Ω—ã–π, –ú–∏–Ω–∏–º–∞–ª–∏–∑–º,–°–∏–ª—É—ç—Ç—ã, –ñ–∏–≤–æ—Ç–Ω—ã–µ",lVcMBBb4T-WrK8EV1F6G3A,,3592
–°–∏–ª—É—ç—Ç—ã,https://i.ibb.co/b5Ldj4r/103-104.png,IStyle Beauty,–¢–∞–∫–∏ –î–∞,"–°–æ–≤—Ä–µ–º–µ–Ω–Ω—ã–π, –ú–∏–Ω–∏–º–∞–ª–∏–∑–º,–°–∏–ª—É—ç—Ç—ã, –ñ–∏–≤–æ—Ç–Ω—ã–µ",ilVYZp9NQUqY8uGkC80ytA,,3592
–°–∏–ª—É—ç—Ç—ã,https://i.ibb.co/CPSj5kp/104-105.png,IStyle Beauty,–¢–∞–∫–∏ –î–∞,"–°–æ–≤—Ä–µ–º–µ–Ω–Ω—ã–π, –ú–∏–Ω–∏–º–∞–ª–∏–∑–º,–°–∏–ª—É—ç—Ç—ã, –ñ–∏–≤–æ—Ç–Ω—ã–µ",owWlGCEUQgenO2spF6THeQ,,3592
–°–∏–ª—É—ç—Ç—ã,https://i.ibb.co/xCf8Rbg/105-106.png,IStyle Beauty,–¢–∞–∫–∏ –î–∞,"–°–æ–≤—Ä–µ–º–µ–Ω–Ω—ã–π, –ú–∏–Ω–∏–º–∞–ª–∏–∑–º,–°–∏–ª—É—ç—Ç—ã, –ì–ª–æ–±—É—Å",UuCe5bvjTemI6dnrU.JutQ,,3592
–°–∏–ª—É—ç—Ç—ã,https://i.ibb.co/10t8mBs/106-107.png,IStyle Beauty,–¢–∞–∫–∏ –î–∞,"–°–æ–≤—Ä–µ–º–µ–Ω–Ω—ã–π, –ú–∏–Ω–∏–º–∞–ª–∏–∑–º,–°–∏–ª—É—ç—Ç—ã, –¶–≤–µ—Ç—ã",r6pBPkPhQGmHq1gguB-zpg,,3592
L03,https://i.ibb.co/xD0pKnL/Nicole-Diary-L03-1-108.png,–°—Ç—É–¥–∏—è –ê–Ω–Ω—ã –ö–ª—é—á–∫–æ,Nicole Diary,"–û—Ä–Ω–∞–º–µ–Ω—Ç, –£–∑–æ—Ä, –¶–≤–µ—Ç—ã",2ywCmlyPTk6AsoU-7K8g-A,8,4613
L03,https://i.ibb.co/yQjX8Gr/Nicole-Diary-L03-2-109.png,–°—Ç—É–¥–∏—è –ê–Ω–Ω—ã –ö–ª—é—á–∫–æ,Nicole Diary,"–û—Ä–Ω–∞–º–µ–Ω—Ç, –£–∑–æ—Ä",tLokqCpMQba12Ww5y5dBeg,,4613
L03,https://i.ibb.co/3yL9swn/Nicole-Diary-L03-3-110.png,–°—Ç—É–¥–∏—è –ê–Ω–Ω—ã –ö–ª—é—á–∫–æ,Nicole Diary,"–û—Ä–Ω–∞–º–µ–Ω—Ç, –£–∑–æ—Ä, –¶–≤–µ—Ç—ã",8Mmj8cm2SVSVDU5tIyvQ0w,2,4613
L03,https://i.ibb.co/2K7kQpZ/Nicole-Diary-L03-4-111.png,–°—Ç—É–¥–∏—è –ê–Ω–Ω—ã –ö–ª—é—á–∫–æ,Nicole Diary,"–û—Ä–Ω–∞–º–µ–Ω—Ç, –£–∑–æ—Ä",JOqxcyYtRXyPkV4uS907Fw,,4613
L03,https://i.ibb.co/d4QpZwd/Nicole-Diary-L03-5-112.png,–°—Ç—É–¥–∏—è –ê–Ω–Ω—ã –ö–ª—é—á–∫–æ,Nicole Diary,"–û—Ä–Ω–∞–º–µ–Ω—Ç, –£–∑–æ—Ä",1IUsDGKYQv6DKHV0pLrhEg,,4613
L03,https://i.ibb.co/KxHF1Jc/Nicole-Diary-L03-6-113.png,–°—Ç—É–¥–∏—è –ê–Ω–Ω—ã –ö–ª—é—á–∫–æ,Nicole Diary,"–û—Ä–Ω–∞–º–µ–Ω—Ç, –£–∑–æ—Ä",UtC0r9LCTCCmvN3Fhe9vLw,,4613
L03,https://i.ibb.co/wYS6rfv/Nicole-Diary-L03-7-114.png,–°—Ç—É–¥–∏—è –ê–Ω–Ω—ã –ö–ª—é—á–∫–æ,Nicole Diary,"–û—Ä–Ω–∞–º–µ–Ω—Ç, –£–∑–æ—Ä",7sjFVsjCRR6D7eAr1NTrPA,,4613
L03,https://i.ibb.co/TRCxxmM/Nicole-Diary-L03-8-115.png,–°—Ç—É–¥–∏—è –ê–Ω–Ω—ã –ö–ª—é—á–∫–æ,Nicole Diary,"–û—Ä–Ω–∞–º–µ–Ω—Ç, –£–∑–æ—Ä",T0OMnCYHS3CSQpqps9dgZQ,,4613
L03,https://i.ibb.co/GdHXQ0X/Nicole-Diary-L03-9-116.png,–°—Ç—É–¥–∏—è –ê–Ω–Ω—ã –ö–ª—é—á–∫–æ,Nicole Diary,"–û—Ä–Ω–∞–º–µ–Ω—Ç, –£–∑–æ—Ä",z5.p7ixeR3CX2IEh6.06fQ,,4613
L03,https://i.ibb.co/L1G3Gr2/Nicole-Diary-L03-10-117.png,–°—Ç—É–¥–∏—è –ê–Ω–Ω—ã –ö–ª—é—á–∫–æ,Nicole Diary,"–û—Ä–Ω–∞–º–µ–Ω—Ç, –£–∑–æ—Ä",km1c-oZ2QLWY3lOsk7BGTQ,,4613
L03,https://i.ibb.co/pWVTSfm/Nicole-Diary-L03-11-118.png,–°—Ç—É–¥–∏—è –ê–Ω–Ω—ã –ö–ª—é—á–∫–æ,Nicole Diary,"–û—Ä–Ω–∞–º–µ–Ω—Ç, –£–∑–æ—Ä",5rDNmGAKSHGIIWDxgGcNPQ,,4613
L03,https://i.ibb.co/k9vLZsz/Nicole-Diary-L03-12-119.png,–°—Ç—É–¥–∏—è –ê–Ω–Ω—ã –ö–ª—é—á–∫–æ,Nicole Diary,"–û—Ä–Ω–∞–º–µ–Ω—Ç, –£–∑–æ—Ä",DXlMBLsNQX69e3t-1e8csA,,4613
L03,https://i.ibb.co/0cjrKpt/Nicole-Diary-L03-13-120.png,–°—Ç—É–¥–∏—è –ê–Ω–Ω—ã –ö–ª—é—á–∫–æ,Nicole Diary,"–û—Ä–Ω–∞–º–µ–Ω—Ç, –£–∑–æ—Ä",54of85daTnybaQ6D2sA-XQ,1,4613
L03,https://i.ibb.co/1z5Yrvf/Nicole-Diary-L03-14-121.png,–°—Ç—É–¥–∏—è –ê–Ω–Ω—ã –ö–ª—é—á–∫–æ,Nicole Diary,"–û—Ä–Ω–∞–º–µ–Ω—Ç, –£–∑–æ—Ä",hv486.EfTZekMXQPwO0eGg,,4613
L03,https://i.ibb.co/v3Z0x5B/Nicole-Diary-L03-15-122.png,–°—Ç—É–¥–∏—è –ê–Ω–Ω—ã –ö–ª—é—á–∫–æ,Nicole Diary,"–û—Ä–Ω–∞–º–µ–Ω—Ç, –£–∑–æ—Ä",3-Ts7exZSnmcub-n8E9SXQ,,4613
L03,https://i.ibb.co/prkqgcR/Nicole-Diary-L03-16-123.png,–°—Ç—É–¥–∏—è –ê–Ω–Ω—ã –ö–ª—é—á–∫–æ,Nicole Diary,"–û—Ä–Ω–∞–º–µ–Ω—Ç, –£–∑–æ—Ä",RGUy3XtPQiep2VeIxCmgnA,,4613
L03,https://i.ibb.co/m97wvS8/Nicole-Diary-L03-17-124.png,–°—Ç—É–¥–∏—è –ê–Ω–Ω—ã –ö–ª—é—á–∫–æ,Nicole Diary,"–û—Ä–Ω–∞–º–µ–Ω—Ç, –£–∑–æ—Ä",lmyHIk9-S7arO4DJIh0ncQ,,4613
L03,https://i.ibb.co/PjCKL1Q/Nicole-Diary-L03-18-125.png,–°—Ç—É–¥–∏—è –ê–Ω–Ω—ã –ö–ª—é—á–∫–æ,Nicole Diary,"–û—Ä–Ω–∞–º–µ–Ω—Ç, –£–∑–æ—Ä",wfaCEz7fQCqrAuIoPLB1Yw,,4613
L03,https://i.ibb.co/SyFPztp/Nicole-Diary-L03-19-126.png,–°—Ç—É–¥–∏—è –ê–Ω–Ω—ã –ö–ª—é—á–∫–æ,Nicole Diary,"–û—Ä–Ω–∞–º–µ–Ω—Ç, –£–∑–æ—Ä",zhXxFdK5TlaGEvu4d.arGQ,,4613
L03,https://i.ibb.co/KsLTgwR/Nicole-Diary-L03-20-127.png,–°—Ç—É–¥–∏—è –ê–Ω–Ω—ã –ö–ª—é—á–∫–æ,Nicole Diary,"–û—Ä–Ω–∞–º–µ–Ω—Ç, –£–∑–æ—Ä",OafFZpKISQiFoRJfLee1fw,,4613
L03,https://i.ibb.co/Rg55htR/Nicole-Diary-L03-21-128.png,–°—Ç—É–¥–∏—è –ê–Ω–Ω—ã –ö–ª—é—á–∫–æ,Nicole Diary,"–û—Ä–Ω–∞–º–µ–Ω—Ç, –£–∑–æ—Ä",Qk0-ROp5RZe9j3.oNwiDqw,,4613
L03,https://i.ibb.co/BsW86TW/Nicole-Diary-L03-22-129.png,–°—Ç—É–¥–∏—è –ê–Ω–Ω—ã –ö–ª—é—á–∫–æ,Nicole Diary,"–û—Ä–Ω–∞–º–µ–Ω—Ç, –£–∑–æ—Ä",B6o7RaiVR9S-3aZflQt42w,,4613
L03,https://i.ibb.co/PFGxst2/Nicole-Diary-L03-23-130.png,–°—Ç—É–¥–∏—è –ê–Ω–Ω—ã –ö–ª—é—á–∫–æ,Nicole Diary,"–û—Ä–Ω–∞–º–µ–Ω—Ç, –£–∑–æ—Ä",U0uqaUx7T7C4ddWbuPHcYg,,4613
L03,https://i.ibb.co/g3Y64Yn/Nicole-Diary-L03-24-131.png,–°—Ç—É–¥–∏—è –ê–Ω–Ω—ã –ö–ª—é—á–∫–æ,Nicole Diary,"–û—Ä–Ω–∞–º–µ–Ω—Ç, –£–∑–æ—Ä",XAI77F0TQmWM8WnJO0qhpw,,4613
L03,https://i.ibb.co/YtWqMsy/Nicole-Diary-L03-25-132.png,–°—Ç—É–¥–∏—è –ê–Ω–Ω—ã –ö–ª—é—á–∫–æ,Nicole Diary,"–û—Ä–Ω–∞–º–µ–Ω—Ç, –£–∑–æ—Ä",1rqvpXLVRbquu6ITGigYeQ,,4613
L03,https://i.ibb.co/njvStVD/Nicole-Diary-L03-26-133.png,–°—Ç—É–¥–∏—è –ê–Ω–Ω—ã –ö–ª—é—á–∫–æ,Nicole Diary,"–û—Ä–Ω–∞–º–µ–Ω—Ç, –£–∑–æ—Ä",EK8oCvciSJioKGAabH1Lyg,,4613
L03,https://i.ibb.co/vs8GmRf/Nicole-Diary-L03-27-134.png,–°—Ç—É–¥–∏—è –ê–Ω–Ω—ã –ö–ª—é—á–∫–æ,Nicole Diary,"–û—Ä–Ω–∞–º–µ–Ω—Ç, –£–∑–æ—Ä",jbMJm0KHSPmWtblZ4dthwQ,,4613
L03,https://i.ibb.co/M1L5M4V/Nicole-Diary-L03-28-135.png,–°—Ç—É–¥–∏—è –ê–Ω–Ω—ã –ö–ª—é—á–∫–æ,Nicole Diary,"–û—Ä–Ω–∞–º–µ–Ω—Ç, –£–∑–æ—Ä",s1tDDTH9QoelW7xS7e1K5w,,4613
L03,https://i.ibb.co/CHh52sD/Nicole-Diary-L03-29-136.png,–°—Ç—É–¥–∏—è –ê–Ω–Ω—ã –ö–ª—é—á–∫–æ,Nicole Diary,"–û—Ä–Ω–∞–º–µ–Ω—Ç, –£–∑–æ—Ä",5ESpIWmbTtOaPY9K.NcwRA,,4613
L03,https://i.ibb.co/hDPWHm2/Nicole-Diary-L03-30-137.png,–°—Ç—É–¥–∏—è –ê–Ω–Ω—ã –ö–ª—é—á–∫–æ,Nicole Diary,"–û—Ä–Ω–∞–º–µ–Ω—Ç, –£–∑–æ—Ä",hV-DGkw9SMuXjn87rDbRqg,,4613
L03,https://i.ibb.co/6byC4V5/Nicole-Diary-L03-31-138.png,–°—Ç—É–¥–∏—è –ê–Ω–Ω—ã –ö–ª—é—á–∫–æ,Nicole Diary,"–û—Ä–Ω–∞–º–µ–Ω—Ç, –£–∑–æ—Ä",a-cyXCUWNRMqig0vRHZYviw,,4613
L03,https://i.ibb.co/ZV4ynDj/Nicole-Diary-L03-32-139.png,–°—Ç—É–¥–∏—è –ê–Ω–Ω—ã –ö–ª—é—á–∫–æ,Nicole Diary,"–û—Ä–Ω–∞–º–µ–Ω—Ç, –£–∑–æ—Ä",ESeQk1oMRwqeKQke74gKiw,,4613
L03,https://i.ibb.co/L8ws2bk/Nicole-Diary-L03-33-140.png,–°—Ç—É–¥–∏—è –ê–Ω–Ω—ã –ö–ª—é—á–∫–æ,Nicole Diary,"–û—Ä–Ω–∞–º–µ–Ω—Ç, –£–∑–æ—Ä",a98T4OPXS2SSER.U3hqmgw,,4613
L03,https://i.ibb.co/9nkw7Nk/Nicole-Diary-L03-34-141.png,–°—Ç—É–¥–∏—è –ê–Ω–Ω—ã –ö–ª—é—á–∫–æ,Nicole Diary,"–û—Ä–Ω–∞–º–µ–Ω—Ç, –£–∑–æ—Ä",TXrrO80fSvWrU3iO3vpBKA,,4613
L03,https://i.ibb.co/jh8tB6D/Nicole-Diary-L03-35-142.png,–°—Ç—É–¥–∏—è –ê–Ω–Ω—ã –ö–ª—é—á–∫–æ,Nicole Diary,"–û—Ä–Ω–∞–º–µ–Ω—Ç, –£–∑–æ—Ä",zW-4Li-oTQijsXmPorXd2Q,,4613
L03,https://i.ibb.co/BzZPvQp/Nicole-Diary-L03-36-143.png,–°—Ç—É–¥–∏—è –ê–Ω–Ω—ã –ö–ª—é—á–∫–æ,Nicole Diary,"–û—Ä–Ω–∞–º–µ–Ω—Ç, –£–∑–æ—Ä",eoB5FwWITrWAwLdtfc0OhQ,,4613
L03,https://i.ibb.co/y4F03ZY/Nicole-Diary-L03-37-144.png,–°—Ç—É–¥–∏—è –ê–Ω–Ω—ã –ö–ª—é—á–∫–æ,Nicole Diary,"–û—Ä–Ω–∞–º–µ–Ω—Ç, –£–∑–æ—Ä",cb8j9P3MT8S.zU6JFmT9VQ,,4613
L03,https://i.ibb.co/xqdXDpM/Nicole-Diary-L03-38-145.png,–°—Ç—É–¥–∏—è –ê–Ω–Ω—ã –ö–ª—é—á–∫–æ,Nicole Diary,"–û—Ä–Ω–∞–º–µ–Ω—Ç, –£–∑–æ—Ä",ieaEyzKGQACJBwv2ZYl.mw,,4613
L03,https://i.ibb.co/CWpNfFb/Nicole-Diary-L03-39-146.png,–°—Ç—É–¥–∏—è –ê–Ω–Ω—ã –ö–ª—é—á–∫–æ,Nicole Diary,"–û—Ä–Ω–∞–º–µ–Ω—Ç, –£–∑–æ—Ä",oIygYuRwTbWmFC6EBZwE2w,,4613
L03,https://i.ibb.co/1rvMvPB/Nicole-Diary-L03-40-147.png,–°—Ç—É–¥–∏—è –ê–Ω–Ω—ã –ö–ª—é—á–∫–æ,Nicole Diary,"–û—Ä–Ω–∞–º–µ–Ω—Ç, –£–∑–æ—Ä",XkM5AdzqTz6zBKXC08k.lg,,4613
L03,https://i.ibb.co/kBs6nSz/Nicole-Diary-L03-41-148.png,–°—Ç—É–¥–∏—è –ê–Ω–Ω—ã –ö–ª—é—á–∫–æ,Nicole Diary,"–û—Ä–Ω–∞–º–µ–Ω—Ç, –£–∑–æ—Ä",jLCq9ApiRO6QTCGBBTwyeA,,4613
L03,https://i.ibb.co/2d9xdJk/Nicole-Diary-L03-42-149.png,–°—Ç—É–¥–∏—è –ê–Ω–Ω—ã –ö–ª—é—á–∫–æ,Nicole Diary,"–û—Ä–Ω–∞–º–µ–Ω—Ç, –£–∑–æ—Ä",xz8Zsc95RkO7-q0k-CH6rw,,4613
L03,https://i.ibb.co/6n1xc9t/Nicole-Diary-L03-43-150.png,–°—Ç—É–¥–∏—è –ê–Ω–Ω—ã –ö–ª—é—á–∫–æ,Nicole Diary,"–û—Ä–Ω–∞–º–µ–Ω—Ç, –£–∑–æ—Ä",KUGFWCrzSlS1neYDfZ6RMw,,4613
L03,https://i.ibb.co/Kshbj9t/Nicole-Diary-L03-44-151.png,–°—Ç—É–¥–∏—è –ê–Ω–Ω—ã –ö–ª—é—á–∫–æ,Nicole Diary,"–û—Ä–Ω–∞–º–µ–Ω—Ç, –£–∑–æ—Ä",tK5RJk1RS5azHaF7BnpGSg,,4613
L03,https://i.ibb.co/G5H4HVT/Nicole-Diary-L03-45-152.png,–°—Ç—É–¥–∏—è –ê–Ω–Ω—ã –ö–ª—é—á–∫–æ,Nicole Diary,"–û—Ä–Ω–∞–º–µ–Ω—Ç, –£–∑–æ—Ä",soa4v34fScSWQJk4BFRPJg,,4613
L03,https://i.ibb.co/pL4mvhp/Nicole-Diary-L03-46-153.png,–°—Ç—É–¥–∏—è –ê–Ω–Ω—ã –ö–ª—é—á–∫–æ,Nicole Diary,"–û—Ä–Ω–∞–º–µ–Ω—Ç, –£–∑–æ—Ä",AKiz.RF.QhunlOJfadwfow,,4613
L03,https://i.ibb.co/VpMpvrf/Nicole-Diary-L03-47-154.png,–°—Ç—É–¥–∏—è –ê–Ω–Ω—ã –ö–ª—é—á–∫–æ,Nicole Diary,"–û—Ä–Ω–∞–º–µ–Ω—Ç, –£–∑–æ—Ä",0o12neDOTt6N2vxxeUdbXQ,,4613
L03,https://i.ibb.co/BZzknk0/Nicole-Diary-L03-48-155.png,–°—Ç—É–¥–∏—è –ê–Ω–Ω—ã –ö–ª—é—á–∫–æ,Nicole Diary,"–û—Ä–Ω–∞–º–µ–Ω—Ç, –£–∑–æ—Ä",Ww23EivFS2WzqSNN1sJ1GQ,,4613
L03,https://i.ibb.co/p1KnM87/Nicole-Diary-L03-49-156.png,–°—Ç—É–¥–∏—è –ê–Ω–Ω—ã –ö–ª—é—á–∫–æ,Nicole Diary,"–û—Ä–Ω–∞–º–µ–Ω—Ç, –£–∑–æ—Ä",08B39V1wTR6KjdgPmvusqg,,4613
L03,https://i.ibb.co/NYChgSn/Nicole-Diary-L03-50-157.png,–°—Ç—É–¥–∏—è –ê–Ω–Ω—ã –ö–ª—é—á–∫–æ,Nicole Diary,"–û—Ä–Ω–∞–º–µ–Ω—Ç, –£–∑–æ—Ä",peDEiyYlQOKIqVT2aSR5mw,,4613
,,,,,,,
,,,,,,,
044,https://i.ibb.co/vxKNGFX/Nicole-Diary-044-1-160.png,–°—Ç—É–¥–∏—è –ê–Ω–Ω—ã –ö–ª—é—á–∫–æ,Nicole Diary,,hpLHkME2QLOTSnJHmw03NA,1,4613
044,https://i.ibb.co/MVrDs2r/Nicole-Diary-044-2-161.png,–°—Ç—É–¥–∏—è –ê–Ω–Ω—ã –ö–ª—é—á–∫–æ,Nicole Diary,,yhkvKK6iT12-8iEbzZXcdA,,4613
044,https://i.ibb.co/MGQGDsW/Nicole-Diary-044-3-162.png,–°—Ç—É–¥–∏—è –ê–Ω–Ω—ã –ö–ª—é—á–∫–æ,Nicole Diary,,rG1lD8jQTRuHF8UFxgNzFA,,4613
044,https://i.ibb.co/QKFnZPS/Nicole-Diary-044-4-163.png,–°—Ç—É–¥–∏—è –ê–Ω–Ω—ã –ö–ª—é—á–∫–æ,Nicole Diary,,MhcqJ3QzQrGkHJtsrJaZ5g,,4613
044,https://i.ibb.co/f2HLk9h/Nicole-Diary-044-5-164.png,–°—Ç—É–¥–∏—è –ê–Ω–Ω—ã –ö–ª—é—á–∫–æ,Nicole Diary,,EUWg..NASACIyoyVZwGWTw,,4613
044,https://i.ibb.co/vHMd46C/Nicole-Diary-044-6-165.png,–°—Ç—É–¥–∏—è –ê–Ω–Ω—ã –ö–ª—é—á–∫–æ,Nicole Diary,,W7FPaDESRZK9bkh0cbdiRw,1,4613
044,https://i.ibb.co/njkXCZd/Nicole-Diary-044-7-166.png,–°—Ç—É–¥–∏—è –ê–Ω–Ω—ã –ö–ª—é—á–∫–æ,Nicole Diary,,Etf5c4cWTeG6Ppp8MfHVDw,,4613
044,https://i.ibb.co/gm28NKp/Nicole-Diary-044-8-167.png,–°—Ç—É–¥–∏—è –ê–Ω–Ω—ã –ö–ª—é—á–∫–æ,Nicole Diary,,x7Cg7N44RbCKSMqFU3Coeg,,4613
044,https://i.ibb.co/LzFxS1T/Nicole-Diary-044-9-168.png,–°—Ç—É–¥–∏—è –ê–Ω–Ω—ã –ö–ª—é—á–∫–æ,Nicole Diary,,yYiJdFSgSSaE55OOHZZUkQ,,4613
044,https://i.ibb.co/6wdKC93/Nicole-Diary-044-10-169.png,–°—Ç—É–¥–∏—è –ê–Ω–Ω—ã –ö–ª—é—á–∫–æ,Nicole Diary,,SnMUVQJFSuaBxwTzf6-iMQ,,4613
044,https://i.ibb.co/j3S3XR4/Nicole-Diary-044-11-170.png,–°—Ç—É–¥–∏—è –ê–Ω–Ω—ã –ö–ª—é—á–∫–æ,Nicole Diary,,8kkXFUvTRKGtRYBX2YiqJw,,4613
044,https://i.ibb.co/vBVMKDR/Nicole-Diary-044-12-171.png,–°—Ç—É–¥–∏—è –ê–Ω–Ω—ã –ö–ª—é—á–∫–æ,Nicole Diary,,bdzW1geORXeaQKQiw.YYBw,,4613
044,https://i.ibb.co/mGBrMnS/Nicole-Diary-044-13-172.png,–°—Ç—É–¥–∏—è –ê–Ω–Ω—ã –ö–ª—é—á–∫–æ,Nicole Diary,,P3PCVTGTRPeZ6gA5cCkggQ,,4613
044,https://i.ibb.co/5vvtXKz/Nicole-Diary-044-14-173.png,–°—Ç—É–¥–∏—è –ê–Ω–Ω—ã –ö–ª—é—á–∫–æ,Nicole Diary,,Igw.fDBASv2OO0Nkv1HvbA,,4613
044,https://i.ibb.co/6JVS86j/Nicole-Diary-044-15-174.png,–°—Ç—É–¥–∏—è –ê–Ω–Ω—ã –ö–ª—é—á–∫–æ,Nicole Diary,,PMTsLAM0SeWqWGB5ee1UZA,,4613
044,https://i.ibb.co/Wp9s5Gj/Nicole-Diary-044-16-175.png,–°—Ç—É–¥–∏—è –ê–Ω–Ω—ã –ö–ª—é—á–∫–æ,Nicole Diary,,1paN2eGzT8mENOOXay4Dtw,,4613
044,https://i.ibb.co/8x6381V/Nicole-Diary-044-17-176.png,–°—Ç—É–¥–∏—è –ê–Ω–Ω—ã –ö–ª—é—á–∫–æ,Nicole Diary,,ZNINLIbsTX6KeP8yngusiA,,4613
044,https://i.ibb.co/6FxX90B/Nicole-Diary-044-18-177.png,–°—Ç—É–¥–∏—è –ê–Ω–Ω—ã –ö–ª—é—á–∫–æ,Nicole Diary,,trrEevUIROmw8damLhdk3w,,4613
044,https://i.ibb.co/h8bkpT1/Nicole-Diary-044-19-178.png,–°—Ç—É–¥–∏—è –ê–Ω–Ω—ã –ö–ª—é—á–∫–æ,Nicole Diary,,PH8H.VXuSoaQttERWxQVCw,,4613
044,https://i.ibb.co/HPWYCq2/Nicole-Diary-044-20-179.png,–°—Ç—É–¥–∏—è –ê–Ω–Ω—ã –ö–ª—é—á–∫–æ,Nicole Diary,,M2qmfYhkTbygWz1Bll4YHw,,4613
044,https://i.ibb.co/QKLvkv8/Nicole-Diary-044-21-180.png,–°—Ç—É–¥–∏—è –ê–Ω–Ω—ã –ö–ª—é—á–∫–æ,Nicole Diary,,K1neqy2XQB-LEgcVUql4zQ,,4613
044,https://i.ibb.co/80vmFxw/Nicole-Diary-044-22-181.png,–°—Ç—É–¥–∏—è –ê–Ω–Ω—ã –ö–ª—é—á–∫–æ,Nicole Diary,,c3O47yhHS4imk34QgbhvCw,,4613
044,https://i.ibb.co/yqjvnJ1/Nicole-Diary-044-23-182.png,–°—Ç—É–¥–∏—è –ê–Ω–Ω—ã –ö–ª—é—á–∫–æ,Nicole Diary,,qupaCiqhSP2o4WdFCbpZVw,,4613
044,https://i.ibb.co/gJB8Sfw/Nicole-Diary-044-24-183.png,–°—Ç—É–¥–∏—è –ê–Ω–Ω—ã –ö–ª—é—á–∫–æ,Nicole Diary,,J-CYeECERrijjSU2o4A8Ag,,4613
044,https://i.ibb.co/hR5CzQq/Nicole-Diary-044-25-184.png,–°—Ç—É–¥–∏—è –ê–Ω–Ω—ã –ö–ª—é—á–∫–æ,Nicole Diary,,8aklGB1SQGWpwtjP0pmRhA,,4613
044,https://i.ibb.co/VHtcH6d/Nicole-Diary-044-26-185.png,–°—Ç—É–¥–∏—è –ê–Ω–Ω—ã –ö–ª—é—á–∫–æ,Nicole Diary,,EmAVfD4DQF6vwa4Fyqb81A,,4613
044,https://i.ibb.co/wc3MbHF/Nicole-Diary-044-27-186.png,–°—Ç—É–¥–∏—è –ê–Ω–Ω—ã –ö–ª—é—á–∫–æ,Nicole Diary,,9UjC6oIES96-7XqktHiUcw,,4613
044,https://i.ibb.co/qn2nNCw/Nicole-Diary-044-28-187.png,–°—Ç—É–¥–∏—è –ê–Ω–Ω—ã –ö–ª—é—á–∫–æ,Nicole Diary,,NNaacsGUS06ImIwIEnCmaA,,4613
044,https://i.ibb.co/kh6FB5B/Nicole-Diary-044-29-188.png,–°—Ç—É–¥–∏—è –ê–Ω–Ω—ã –ö–ª—é—á–∫–æ,Nicole Diary,,JesEKK.MTbSBz8i.9kUfAw,,4613
,,,,,,,
JR-177,https://i.ibb.co/BTrZMDN/Uprettego-JR-177-1-190.png,–°—Ç—É–¥–∏—è –ê–Ω–Ω—ã –ö–ª—é—á–∫–æ,Uprettego,,vubWC8n2ROSSfxtJVlLdjw,,4613
JR-177,https://i.ibb.co/98Y4FwS/Uprettego-JR-177-2-191.png,–°—Ç—É–¥–∏—è –ê–Ω–Ω—ã –ö–ª—é—á–∫–æ,Uprettego,,gu-wu8yES3eWYPreb7iEkg,,4613
JR-177,https://i.ibb.co/1mPxtzT/Uprettego-JR-177-3-192.png,–°—Ç—É–¥–∏—è –ê–Ω–Ω—ã –ö–ª—é—á–∫–æ,Uprettego,,IzqfRjxhQVSPLlKzA6oAcw,,4613
JR-177,https://i.ibb.co/r38mvbD/Uprettego-JR-177-4-193.png,–°—Ç—É–¥–∏—è –ê–Ω–Ω—ã –ö–ª—é—á–∫–æ,Uprettego,,a6hLEU-0Q52Ri5vIV3qC4A,,4613
JR-177,https://i.ibb.co/x8XxXjp/Uprettego-JR-177-5-194.png,–°—Ç—É–¥–∏—è –ê–Ω–Ω—ã –ö–ª—é—á–∫–æ,Uprettego,,b3Z4lU0aRL6eojxIGLlHBQ,,4613
JR-177,https://i.ibb.co/ZGkMdd2/Uprettego-JR-177-6-195.png,–°—Ç—É–¥–∏—è –ê–Ω–Ω—ã –ö–ª—é—á–∫–æ,Uprettego,,hQTi4zumQ56eJxsH.0p7nA,,4613
JR-177,https://i.ibb.co/Z8vndD0/Uprettego-JR-177-7-196.png,–°—Ç—É–¥–∏—è –ê–Ω–Ω—ã –ö–ª—é—á–∫–æ,Uprettego,,mzIHl79kQ3ONJUy3WEWi3w,,4613
JR-177,https://i.ibb.co/dp0CLBZ/Uprettego-JR-177-8-197.png,–°—Ç—É–¥–∏—è –ê–Ω–Ω—ã –ö–ª—é—á–∫–æ,Uprettego,,U-PRpJAHTfKdG5q.GxVUzw,,4613
JR-177,https://i.ibb.co/NFLQD3Z/Uprettego-JR-177-9-198.png,–°—Ç—É–¥–∏—è –ê–Ω–Ω—ã –ö–ª—é—á–∫–æ,Uprettego,,Jo0CidUfSx66IQLArb6XOQ,1,4613
JR-177,https://i.ibb.co/1XCtVnN/Uprettego-JR-177-10-199.png,–°—Ç—É–¥–∏—è –ê–Ω–Ω—ã –ö–ª—é—á–∫–æ,Uprettego,,oKGdw5V0R7-6iHxyAoGD5g,,4613
JR-177,https://i.ibb.co/3h3vQVP/Uprettego-JR-177-11-200.png,–°—Ç—É–¥–∏—è –ê–Ω–Ω—ã –ö–ª—é—á–∫–æ,Uprettego,,a.RoiMpUsQK-UXK9C.Rpkaw,,4613
JR-177,https://i.ibb.co/YZ9g9SN/Uprettego-JR-177-12-201.png,–°—Ç—É–¥–∏—è –ê–Ω–Ω—ã –ö–ª—é—á–∫–æ,Uprettego,,hdIfJ8kHRXGPd60QvgcOkQ,1,4613
JR-177,https://i.ibb.co/SBy1w62/Uprettego-JR-177-13-202.png,–°—Ç—É–¥–∏—è –ê–Ω–Ω—ã –ö–ª—é—á–∫–æ,Uprettego,,wXLSYoN8Q8O6vnJk7ifYgg,,4613
JR-177,https://i.ibb.co/tsffhJC/Uprettego-JR-177-14-203.png,–°—Ç—É–¥–∏—è –ê–Ω–Ω—ã –ö–ª—é—á–∫–æ,Uprettego,,E9tG5h-HRTuH9LjlBcsoNw,,4613
JR-177,https://i.ibb.co/Tcsjt2r/Uprettego-JR-177-15-204.png,–°—Ç—É–¥–∏—è –ê–Ω–Ω—ã –ö–ª—é—á–∫–æ,Uprettego,,gprxcfSdRMWsqfEGo7seEg,,4613
JR-177,https://i.ibb.co/ZY7KzqN/Uprettego-JR-177-16-205.png,–°—Ç—É–¥–∏—è –ê–Ω–Ω—ã –ö–ª—é—á–∫–æ,Uprettego,,51dUIawLTtSMRyQ3t7N2MA,,4613
JR-177,https://i.ibb.co/W0sJkNW/Uprettego-JR-177-17-206.png,–°—Ç—É–¥–∏—è –ê–Ω–Ω—ã –ö–ª—é—á–∫–æ,Uprettego,,C201b7QpRiitfUDAaga-zQ,,4613
JR-177,https://i.ibb.co/VwDXtJj/Uprettego-JR-177-18-207.png,–°—Ç—É–¥–∏—è –ê–Ω–Ω—ã –ö–ª—é—á–∫–æ,Uprettego,,Mdt5k8qrQeypw5up2K8QPA,,4613
JR-177,https://i.ibb.co/W6fZxYx/Uprettego-JR-177-19-208.png,–°—Ç—É–¥–∏—è –ê–Ω–Ω—ã –ö–ª—é—á–∫–æ,Uprettego,,qU22.aVyTt2TTwiuhDJQIw,,4613
JR-177,https://i.ibb.co/93W7mjC/Uprettego-JR-177-20-209.png,–°—Ç—É–¥–∏—è –ê–Ω–Ω—ã –ö–ª—é—á–∫–æ,Uprettego,,ijbwyFCQS.OoA87k9.z8iw,,4613
JR-177,https://i.ibb.co/1q6NYLT/Uprettego-JR-177-21-210.png,–°—Ç—É–¥–∏—è –ê–Ω–Ω—ã –ö–ª—é—á–∫–æ,Uprettego,,BG2tZ3vFTzmYOlLJwqWs4A,,4613
JR-177,https://i.ibb.co/0m0p3CX/Uprettego-JR-177-22-211.png,–°—Ç—É–¥–∏—è –ê–Ω–Ω—ã –ö–ª—é—á–∫–æ,Uprettego,,V1IhgxtMSbq07znI7m9AVg,,4613
JR-177,https://i.ibb.co/Q6gpMQj/Uprettego-JR-177-23-212.png,–°—Ç—É–¥–∏—è –ê–Ω–Ω—ã –ö–ª—é—á–∫–æ,Uprettego,,IS.YUnsvSXiC-SBdfXk03w,,4613
JR-177,https://i.ibb.co/M1G6y2M/Uprettego-JR-177-24-213.png,–°—Ç—É–¥–∏—è –ê–Ω–Ω—ã –ö–ª—é—á–∫–æ,Uprettego,,nwPBouGDSaqtPs1NkB7Mbw,,4613
JR-177,https://i.ibb.co/kHTvRZ3/Uprettego-JR-177-25-214.png,–°—Ç—É–¥–∏—è –ê–Ω–Ω—ã –ö–ª—é—á–∫–æ,Uprettego,,kMMn4gtHRN-P9iFc8Rk2Mw,,4613
,,,,,,,
,,,,,,,
,,,,,,,
,,,,,,,
,,,,,,,
,,,,,,,
JR-166,https://i.ibb.co/xC4Yghx/Uprettego-JR-166-1-221.png,–°—Ç—É–¥–∏—è –ê–Ω–Ω—ã –ö–ª—é—á–∫–æ,Uprettego,,1QDR1NH4TQWGoOuvILLVcA,,4613
JR-166,https://i.ibb.co/mDThGBT/Uprettego-JR-166-2-222.png,–°—Ç—É–¥–∏—è –ê–Ω–Ω—ã –ö–ª—é—á–∫–æ,Uprettego,,a.XOHsm8LS8GhwTlijtJtQA,,4613
JR-166,https://i.ibb.co/f4XnVm5/Uprettego-JR-166-3-223.png,–°—Ç—É–¥–∏—è –ê–Ω–Ω—ã –ö–ª—é—á–∫–æ,Uprettego,,oEUWUecjQvmwvXJIgyoNAQ,,4613
JR-166,https://i.ibb.co/qCnTM2R/Uprettego-JR-166-4-224.png,–°—Ç—É–¥–∏—è –ê–Ω–Ω—ã –ö–ª—é—á–∫–æ,Uprettego,,YVuMRsFtRFKj7JhG.-tV.g,,4613
JR-166,https://i.ibb.co/XY9qtgG/Uprettego-JR-166-5-225.png,–°—Ç—É–¥–∏—è –ê–Ω–Ω—ã –ö–ª—é—á–∫–æ,Uprettego,,lRICW7mGSMK92PrpVd.h5g,,4613
JR-166,https://i.ibb.co/zNNwtHk/Uprettego-JR-166-6-226.png,–°—Ç—É–¥–∏—è –ê–Ω–Ω—ã –ö–ª—é—á–∫–æ,Uprettego,,2-V0Q2FoS9qY1SvAT3FVFw,,4613
JR-166,https://i.ibb.co/zSFYLKb/Uprettego-JR-166-7-227.png,–°—Ç—É–¥–∏—è –ê–Ω–Ω—ã –ö–ª—é—á–∫–æ,Uprettego,,ZA3D7EWtQ86WHjU9kiRnfg,,4613
JR-166,https://i.ibb.co/5WkQFS3/Uprettego-JR-166-8-228.png,–°—Ç—É–¥–∏—è –ê–Ω–Ω—ã –ö–ª—é—á–∫–æ,Uprettego,,03eSl5LuQVO9.rLeKC6jXg,,4613
JR-166,https://i.ibb.co/WcStfzD/Uprettego-JR-166-9-229.png,–°—Ç—É–¥–∏—è –ê–Ω–Ω—ã –ö–ª—é—á–∫–æ,Uprettego,,8Y8g7ucXQFWhyveZwSq1MQ,,4613
JR-166,https://i.ibb.co/gyCR5LQ/Uprettego-JR-166-10-230.png,–°—Ç—É–¥–∏—è –ê–Ω–Ω—ã –ö–ª—é—á–∫–æ,Uprettego,,JUdSpQ.ATximrHAV.Uy8sg,,4613
JR-166,https://i.ibb.co/nLNj3s9/Uprettego-JR-166-11-231.png,–°—Ç—É–¥–∏—è –ê–Ω–Ω—ã –ö–ª—é—á–∫–æ,Uprettego,,pfXNqGFFSAmiy1seAer0yQ,,4613
JR-166,https://i.ibb.co/nM9h9TQ/Uprettego-JR-166-12-232.png,–°—Ç—É–¥–∏—è –ê–Ω–Ω—ã –ö–ª—é—á–∫–æ,Uprettego,,gI4eqJDzRFGwBM56S5u-YA,,4613
JR-166,https://i.ibb.co/N7TVJMV/Uprettego-JR-166-13-233.png,–°—Ç—É–¥–∏—è –ê–Ω–Ω—ã –ö–ª—é—á–∫–æ,Uprettego,,WKqXv3sFSAic-CGg5TRIUg,,4613
JR-166,https://i.ibb.co/0MymBdV/Uprettego-JR-166-14-234.png,–°—Ç—É–¥–∏—è –ê–Ω–Ω—ã –ö–ª—é—á–∫–æ,Uprettego,,csF7ybJDTcaJPs-OsU-xvA,,4613
JR-166,https://i.ibb.co/qMc2HH3/Uprettego-JR-166-15-235.png,–°—Ç—É–¥–∏—è –ê–Ω–Ω—ã –ö–ª—é—á–∫–æ,Uprettego,,Nj7nBtGDSx-kau9bAWuzaA,,4613
JR-166,https://i.ibb.co/8MYK5YP/Uprettego-JR-166-16-236.png,–°—Ç—É–¥–∏—è –ê–Ω–Ω—ã –ö–ª—é—á–∫–æ,Uprettego,,qIvie.VtRnWA1g4fCQRWzw,,4613
JR-166,https://i.ibb.co/BrGMQG9/Uprettego-JR-166-17-237.png,–°—Ç—É–¥–∏—è –ê–Ω–Ω—ã –ö–ª—é—á–∫–æ,Uprettego,,wuYMaQqgRxKAbrNuY6GGNQ,,4613
JR-166,https://i.ibb.co/hX0W80H/Uprettego-JR-166-18-238.png,–°—Ç—É–¥–∏—è –ê–Ω–Ω—ã –ö–ª—é—á–∫–æ,Uprettego,,WMzRC5nXSACvohqJjdwwSQ,,4613
JR-166,https://i.ibb.co/GTcWNpK/Uprettego-JR-166-19-239.png,–°—Ç—É–¥–∏—è –ê–Ω–Ω—ã –ö–ª—é—á–∫–æ,Uprettego,,CnWx5ljsTjWPvzNcdJVkZQ,,4613
JR-166,https://i.ibb.co/f4gg0fN/Uprettego-JR-166-20-240.png,–°—Ç—É–¥–∏—è –ê–Ω–Ω—ã –ö–ª—é—á–∫–æ,Uprettego,,48DKe3K5QOKwYajhO-9sPA,,4613
JR-166,https://i.ibb.co/7N1m93y/Uprettego-JR-166-21-241.png,–°—Ç—É–¥–∏—è –ê–Ω–Ω—ã –ö–ª—é—á–∫–æ,Uprettego,,11diYW24QWCl1ZV4N7HJBA,,4613
JR-166,https://i.ibb.co/xXrsPwB/Uprettego-JR-166-22-242.png,–°—Ç—É–¥–∏—è –ê–Ω–Ω—ã –ö–ª—é—á–∫–æ,Uprettego,,Re5YUrdKTWyvnFBAW8LUzQ,2,4613
JR-166,https://i.ibb.co/YkmxJZq/Uprettego-JR-166-23-243.png,–°—Ç—É–¥–∏—è –ê–Ω–Ω—ã –ö–ª—é—á–∫–æ,Uprettego,,gUeuo4u3T3W7IzsycM8z1g,1,4613
JR-166,https://i.ibb.co/X2CXqNb/Uprettego-JR-166-24-244.png,–°—Ç—É–¥–∏—è –ê–Ω–Ω—ã –ö–ª—é—á–∫–æ,Uprettego,,mrtktTQtTx-6wyhBz3-gKA,,4613
JR-166,https://i.ibb.co/gPBzjqg/Uprettego-JR-166-25-245.png,–°—Ç—É–¥–∏—è –ê–Ω–Ω—ã –ö–ª—é—á–∫–æ,Uprettego,,ZZ8KBcXvQ.W7z4U.JYaF.Q,,4613
JR-166,https://i.ibb.co/ynC8C1y/Uprettego-JR-166-26-246.png,–°—Ç—É–¥–∏—è –ê–Ω–Ω—ã –ö–ª—é—á–∫–æ,Uprettego,,HJ4otvhfSsCVTfvhMUPbQw,2,4613
JR-166,https://i.ibb.co/ZMzGQY7/Uprettego-JR-166-27-247.png,–°—Ç—É–¥–∏—è –ê–Ω–Ω—ã –ö–ª—é—á–∫–æ,Uprettego,,JXT5Cm1sTQyEZOcsAu2fvA,,4613
JR-166,https://i.ibb.co/VxMxgr8/Uprettego-JR-166-28-248.png,–°—Ç—É–¥–∏—è –ê–Ω–Ω—ã –ö–ª—é—á–∫–æ,Uprettego,,X93vcDzYSdiOWeu01sEqxg,,4613
,,,,,,,
,,,,,,,
,,,,,,,
,,,,,,,
,,,,,,,
,,,,,,,
,,,,,,,
,,,,,,,
,,,,,,,
,,,,,,,
,,,,,,,
,,,,,,,
JR-122,https://i.ibb.co/8d54B93/Uprettego-JR-122-1-261.png,–°—Ç—É–¥–∏—è –ê–Ω–Ω—ã –ö–ª—é—á–∫–æ,Uprettego,,VnOBmQeGTUCqTpGCpfQ8hg,,4613
JR-122,https://i.ibb.co/WVvdhN1/Uprettego-JR-122-2-262.png,–°—Ç—É–¥–∏—è –ê–Ω–Ω—ã –ö–ª—é—á–∫–æ,Uprettego,,bgpGtE2XRY-Jg19443IcNg,,4613
JR-122,https://i.ibb.co/5cd1MyH/Uprettego-JR-122-3-263.png,–°—Ç—É–¥–∏—è –ê–Ω–Ω—ã –ö–ª—é—á–∫–æ,Uprettego,,rvcIPsIsSXKHcnixuXx37A,,4613
JR-122,https://i.ibb.co/bLg5RGb/Uprettego-JR-122-4-264.png,–°—Ç—É–¥–∏—è –ê–Ω–Ω—ã –ö–ª—é—á–∫–æ,Uprettego,,3D-OMc7bTP2nVXwk1o0iNQ,,4613
JR-122,https://i.ibb.co/PD2kNrX/Uprettego-JR-122-5-265.png,–°—Ç—É–¥–∏—è –ê–Ω–Ω—ã –ö–ª—é—á–∫–æ,Uprettego,,E4yxdgN2Qa2gaFJss69aDw,,4613
JR-122,https://i.ibb.co/Kz96KpM/Uprettego-JR-122-6-266.png,–°—Ç—É–¥–∏—è –ê–Ω–Ω—ã –ö–ª—é—á–∫–æ,Uprettego,,BqzPx2HkQoSu0dWO8lkzBw,,4613
JR-122,https://i.ibb.co/2P9sR4g/Uprettego-JR-122-7-267.png,–°—Ç—É–¥–∏—è –ê–Ω–Ω—ã –ö–ª—é—á–∫–æ,Uprettego,,B3RCD52ISKGgqOOwfx-63g,,4613
JR-122,https://i.ibb.co/F3zMzFt/Uprettego-JR-122-8-268.png,–°—Ç—É–¥–∏—è –ê–Ω–Ω—ã –ö–ª—é—á–∫–æ,Uprettego,,bRGAeCf8RduQIwwc86Lntg,,4613
JR-122,https://i.ibb.co/sm0yd2N/Uprettego-JR-122-9-269.png,–°—Ç—É–¥–∏—è –ê–Ω–Ω—ã –ö–ª—é—á–∫–æ,Uprettego,,a-10eaVOuSOG7jTH.LP0kBQ,,4613
JR-122,https://i.ibb.co/DYvF2VR/Uprettego-JR-122-10-270.png,–°—Ç—É–¥–∏—è –ê–Ω–Ω—ã –ö–ª—é—á–∫–æ,Uprettego,,4-c9TrdiQfaC7lPXhwG8XQ,2,4613
JR-122,https://i.ibb.co/bbwYMsf/Uprettego-JR-122-11-271.png,–°—Ç—É–¥–∏—è –ê–Ω–Ω—ã –ö–ª—é—á–∫–æ,Uprettego,,TeNFEMFMT.GW4K.dhwOjPA,,4613
JR-122,https://i.ibb.co/2P6dM0z/Uprettego-JR-122-12-272.png,–°—Ç—É–¥–∏—è –ê–Ω–Ω—ã –ö–ª—é—á–∫–æ,Uprettego,,ncSmTRhwSwGxmkHxnG4eiA,,4613
JR-122,https://i.ibb.co/3Ywsz0S/Uprettego-JR-122-13-273.png,–°—Ç—É–¥–∏—è –ê–Ω–Ω—ã –ö–ª—é—á–∫–æ,Uprettego,,8UZVAhB1S6aR.gMjJ8oTiQ,,4613
JR-122,https://i.ibb.co/fHYmw7f/Uprettego-JR-122-14-274.png,–°—Ç—É–¥–∏—è –ê–Ω–Ω—ã –ö–ª—é—á–∫–æ,Uprettego,,N-JaBx-sSL2E7x-QiabJEg,,4613
JR-122,https://i.ibb.co/0pLBxyW/Uprettego-JR-122-15-275.png,–°—Ç—É–¥–∏—è –ê–Ω–Ω—ã –ö–ª—é—á–∫–æ,Uprettego,,klMsJ-HbQO-rqhr.BLra-w,3,4613
JR-122,https://i.ibb.co/hRX0T36/Uprettego-JR-122-16-276.png,–°—Ç—É–¥–∏—è –ê–Ω–Ω—ã –ö–ª—é—á–∫–æ,Uprettego,,83Xu0eB.TL2BqI05amQRmA,,4613
JR-122,https://i.ibb.co/8ztXsx1/Uprettego-JR-122-17-277.png,–°—Ç—É–¥–∏—è –ê–Ω–Ω—ã –ö–ª—é—á–∫–æ,Uprettego,,rd7yt6-ASlSEjchy5cUWTg,,4613
JR-122,https://i.ibb.co/9Y8QRwP/Uprettego-JR-122-18-278.png,–°—Ç—É–¥–∏—è –ê–Ω–Ω—ã –ö–ª—é—á–∫–æ,Uprettego,,YhbP3TfnRA2QxGwufA0D7w,1,4613
JR-122,https://i.ibb.co/0yzS7dc/Uprettego-JR-122-19-279.png,–°—Ç—É–¥–∏—è –ê–Ω–Ω—ã –ö–ª—é—á–∫–æ,Uprettego,,d8EaTkhfRjK3GvRiZXVxcg,4,4613