title,number,photo,–°–∞–ª–æ–Ω—ã,–ë—Ä–µ–Ω–¥,–ö–æ–ª–ª–µ–∫—Ü–∏—è,color code,üîí Row ID,Narrative,example 1,example 2,example 3,Global counter
Coy,148,https://storage.googleapis.com/glide-prod.appspot.com/uploads-v2/LpRh0iSsSnJxROJJtvYg/pub/mu0cCwSSSXGoKFrdcRB3.png,"city nails, wanna nails",,,,wSeeursXRyetYoZzZ89JVw,,,,,
Expression,30,https://storage.googleapis.com/glide-prod.appspot.com/uploads-v2/LpRh0iSsSnJxROJJtvYg/pub/KymAE8wv7h8DHwQg4FGS.png,city nails,,,,PhhGXin6SAywFWcOEIjrvw,,,,,
PRECOCIOUS,172,https://storage.googleapis.com/glide-prod.appspot.com/uploads-v2/LpRh0iSsSnJxROJJtvYg/pub/SQ1x25OITMkEGGSZmiXh.png,"city nails,",LUXIO,TROPICO,ee8d87,oHZX7K3mQ-q-tijzKfVf.g,,https://i.ibb.co/k4NSb1K/1000-luxio-c219a52c0cc00829ab19caa4eeaf2480.png,https://cdn.shopify.com/s/files/1/1186/7574/products/akzentz-luxio-precocious-815367_1024x1024.jpg,,4
,,,,,,,,,,,,
EXPRESSION,30,https://i.ibb.co/C2jpnDW/LUXIO-30-EXPRESSION-1.png,Nail O`Clock,LUXIO,COLOURS,8a142b,A.ACSIagQn6n-oajWqDUFg,,,,,1
CREMELLE,31,https://i.ibb.co/cTVtb7b/LUXIO-31-CREMELLE-2.png,"Nail O`Clock, –°—Ç—É–¥–∏—è –ê–Ω–Ω—ã –ö–ª—é—á–∫–æ",LUXIO,COLOURS,cfaa97,XdIoCw0iSHSKUdBvMDMd2A,,,,,19
SOPHISTO ,32,https://i.ibb.co/6Jx1HM0/LUXIO-32-SOPHISTO-3.png,"Nail O`Clock, –°—Ç—É–¥–∏—è –ê–Ω–Ω—ã –ö–ª—é—á–∫–æ",LUXIO,COLOURS,a1776b,sNjvYZr8ReqahZpYdXHEyA,,,,,
PURE ,33,https://i.ibb.co/1sTkQgH/LUXIO-33-PURE-4.png,"Nail O`Clock, –°—Ç—É–¥–∏—è –ê–Ω–Ω—ã –ö–ª—é—á–∫–æ",LUXIO,COLOURS,eceef0,EdNfm1XVSuyzixSR5In7fw,,,,,
BLUSH ,34,https://i.ibb.co/s3VmnRg/LUXIO-34-BLUSH-5.png,"Nail O`Clock, –°—Ç—É–¥–∏—è –ê–Ω–Ω—ã –ö–ª—é—á–∫–æ",LUXIO,COLOURS,c7aaa4,QkpzXQ-SRDSZSL3AGDz2wA,,,,,
NEUTRAL ,35,https://i.ibb.co/vjKj9py/LUXIO-35-NEUTRAL-6.png,Nail O`Clock,LUXIO,COLOURS,b0776e,hvJaMPEnT8uxZeFMKMI41w,,,,,
DISCRETION ,36,https://i.ibb.co/Jvjr8Qf/LUXIO-36-DISCRETION-7.png,Nail O`Clock,LUXIO,COLOURS,c27a6b,btNpfzEzRPS0gNOu949.2g,,,,,
ROMANCE ,37,https://i.ibb.co/tKZWnZY/LUXIO-37-ROMANCE-8.png,"Nail O`Clock, –°—Ç—É–¥–∏—è –ê–Ω–Ω—ã –ö–ª—é—á–∫–æ",LUXIO,COLOURS,de94a1,Ho9aJOkrS.u42GEKE-B.vA,,,,,
FLAWLESS ,38,https://i.ibb.co/h2Csh6L/LUXIO-38-FLAWLESS-9.png,Nail O`Clock,LUXIO,COLOURS,b97375,u3uI3mB8RKyt-7e0vKB2UQ,,,,,
ETERNITY ,39,https://i.ibb.co/J5H9Tpj/LUXIO-39-ETERNITY-10.png,"Nail O`Clock, –°—Ç—É–¥–∏—è –ê–Ω–Ω—ã –ö–ª—é—á–∫–æ",LUXIO,COLOURS,bf8c9f,9zyMoKPtS6eDx6ckZVLrMw,,,,,
POUT ,40,https://i.ibb.co/pPmzSG5/LUXIO-40-POUT-11.png,Nail O`Clock,LUXIO,COLOURS,cd5767,s7ty5CSbQoC91Zqlzzpyvg,,,,,
SWAN ,41,https://i.ibb.co/zSBBXMT/LUXIO-41-SWAN-12.png,"Nail O`Clock, –°—Ç—É–¥–∏—è –ê–Ω–Ω—ã –ö–ª—é—á–∫–æ",LUXIO,COLOURS,bc2030,dRq3aqZES0G0x8VT-eVrtw,,,,,1
TEASE ,42,https://i.ibb.co/hX5m4SV/LUXIO-42-TEASE-13.png,Nail O`Clock,LUXIO,COLOURS,a4201c,QaOTJJs5Q06JxU1T8NTPBQ,,,,,
RUMOUR ,43,https://i.ibb.co/88T39RP/LUXIO-43-RUMOUR-14.png,Nail O`Clock,LUXIO,COLOURS,5e0d13,1xscx-FcTTeI9P9x9WxLWA,,,,,
LEGEND ,44,https://i.ibb.co/CzQkVTL/LUXIO-44-LEGEND-15.png,Nail O`Clock,LUXIO,COLOURS,8f0e22,teqZFiTWTsm76LZf9W7bUQ,,,,,
VINTAGE ,45,https://i.ibb.co/V3jhZJv/LUXIO-45-VINTAGE-16.png,"Nail O`Clock, –°—Ç—É–¥–∏—è –ê–Ω–Ω—ã –ö–ª—é—á–∫–æ",LUXIO,COLOURS,b10f24,MQqEh2BEQquIRAq2KO4WRQ,,,,,14
ALLURE ,46,https://i.ibb.co/5601Kxf/LUXIO-46-ALLURE-17.png,Nail O`Clock,LUXIO,COLOURS,4e0000,XdP1HelhT3qTCAbx.Sb-9w,,,,,
GYPSY ,47,https://i.ibb.co/Wzn7P6F/LUXIO-47-GYPSY-18.png,"Nail O`Clock, –°—Ç—É–¥–∏—è –ê–Ω–Ω—ã –ö–ª—é—á–∫–æ",LUXIO,COLOURS,5b0528,MTbILHJbTaqnDk7fKA.Z7Q,,,,,1
GLAM ,48,https://i.ibb.co/jWx9mfr/LUXIO-48-GLAM-19.png,Nail O`Clock,LUXIO,COLOURS,523671,qHHNC9gsROi..h0zGJn1ug,,,,,
POSH ,49,https://i.ibb.co/rvFf7Br/LUXIO-49-POSH-20.png,"Nail O`Clock, –°—Ç—É–¥–∏—è –ê–Ω–Ω—ã –ö–ª—é—á–∫–æ",LUXIO,COLOURS,4b1851,FiBE96DFS9SvqqeS0tvjSg,,,,,
CAPTIVE ,50,https://i.ibb.co/qpfgHWh/LUXIO-50-CAPTIVE-21.png,Nail O`Clock,LUXIO,GLITTERS,00235f,bDjhQv6WReO1K.WqXkPhgQ,,,,,
CURRENT ,51,https://i.ibb.co/Ydbprb9/LUXIO-51-CURRENT-22.png,"Nail O`Clock, –°—Ç—É–¥–∏—è –ê–Ω–Ω—ã –ö–ª—é—á–∫–æ",LUXIO,COLOURS,280000,WT5xvVDDQHebxq-L-Do6NQ,,,,,
VIXEN ,52,https://i.ibb.co/1XD1QBp/LUXIO-52-VIXEN-23.png,"Nail O`Clock, –°—Ç—É–¥–∏—è –ê–Ω–Ω—ã –ö–ª—é—á–∫–æ",LUXIO,COLOURS,0f0213,q-E1ykf4TgGcNb6KjRNj8A,,,,,
NOIR ,53,https://i.ibb.co/9HYVyL8/LUXIO-53-NOIR-24.png,"Nail O`Clock, –°—Ç—É–¥–∏—è –ê–Ω–Ω—ã –ö–ª—é—á–∫–æ",LUXIO,COLOURS,060509,y9bHqAIAR2-pQiVAtQMY3Q,,,,,
ESSENCE ,57,https://i.ibb.co/QpjD4z1/LUXIO-57-ESSENCE-25.png,Nail O`Clock,LUXIO,COLOURS,331f1f,A-TmcmJ6Tvy89yg4QGxDEQ,,,,,
CHERISH ,58,https://i.ibb.co/sJx34G2/LUXIO-58-CHERISH-26.png,Nail O`Clock,LUXIO,COLOURS,ba5e64,D3udL9dFTtuhZEPqJPWSVA,,,,,
STERLING ,59,https://i.ibb.co/64h8Fx9/LUXIO-59-STERLING-27.png,"Nail O`Clock, –°—Ç—É–¥–∏—è –ê–Ω–Ω—ã –ö–ª—é—á–∫–æ",LUXIO,COLOURS,28252c,UDyPqc3pQGOcqnRLQYwfsQ,,,,,
CHARMED ,60,https://i.ibb.co/QFBMX77/LUXIO-60-CHARMED-28.png,"Nail O`Clock, –°—Ç—É–¥–∏—è –ê–Ω–Ω—ã –ö–ª—é—á–∫–æ",LUXIO,COLOURS,301316,L.UELxEyQDW-6wGI74W0EA,,,,,
RUBY ,61,https://i.ibb.co/gP0xJX3/LUXIO-61-RUBY-29.png,Nail O`Clock,LUXIO,COLOURS,660104,JBeqg5MZTU6mhvPtdu7W9A,,,,,
INSPIRE ,62,https://i.ibb.co/TkLrNN1/LUXIO-62-INSPIRE-30.png,Nail O`Clock,LUXIO,COLOURS,ca6255,9JI1a59-RVyS0jsi7vM.4A,,,,,
ANTICIPATION ,63,https://i.ibb.co/6Fqsx7H/LUXIO-63-ANTICIPATION-31.png,Nail O`Clock,LUXIO,COLOURS,310c0c,2dY93oPuT1yXN4LVdLbl7g,,,,,
MYSTICAL ,64,https://i.ibb.co/27D1RJ5/LUXIO-64-MYSTICAL-32.png,"Nail O`Clock, –°—Ç—É–¥–∏—è –ê–Ω–Ω—ã –ö–ª—é—á–∫–æ",LUXIO,COLOURS,1b0604,YRc2X8uQRiCxmJo44JsAsg,,,,,
GALAXY ,65,https://i.ibb.co/XCyGMDN/LUXIO-65-GALAXY-33.png,Nail O`Clock,LUXIO,COLOURS,040c11,HxDGFpWJQa6E4N7V3cBN5Q,,,,,
ELECTRIC ,66,https://i.ibb.co/HhRjCvw/LUXIO-66-ELECTRIC-34.png,Nail O`Clock,LUXIO,COLOURS,01186f,fnOvpHqMSTGZrygwEDTjxA,,,,,
DIVA ,67,https://i.ibb.co/jM6ssS9/LUXIO-67-DIVA-35.png,"Nail O`Clock, –°—Ç—É–¥–∏—è –ê–Ω–Ω—ã –ö–ª—é—á–∫–æ",LUXIO,COLOURS,460203,a.biqmKiEQ5uMZbjUhBt8tw,,,,,
FANTASY ,68,https://i.ibb.co/fFNCR1Y/LUXIO-68-FANTASY-36.png,Nail O`Clock,LUXIO,COLOURS,231f1a,pmHO7q55QhG1jlnRDe1EVQ,,,,,
PRECIOUS ,69,https://i.ibb.co/b2JHBrS/LUXIO-69-PRECIOUS-37.png,Nail O`Clock,LUXIO,COLOURS,786395,jL6-3hpeQq6PPxWdPh5B7Q,,,,,
PLAYFUL ,70,https://i.ibb.co/kqT0bqx/LUXIO-70-PLAYFUL-38.png,Nail O`Clock,LUXIO,COLOURS,d6b854,FvdYxx9aTmqPQb8QY9HY-g,,,,,
AFTERGLOW ,71,https://i.ibb.co/Kmz2Pg5/LUXIO-71-AFTERGLOW-39.png,"Nail O`Clock, –°—Ç—É–¥–∏—è –ê–Ω–Ω—ã –ö–ª—é—á–∫–æ",LUXIO,COLOURS,e0c8d8,21tZWcKmQyGJw4XFS8jw8Q,,,,,
TIFFANY ,72,https://i.ibb.co/SrCwYt6/LUXIO-72-TIFFANY-40.png,Nail O`Clock,LUXIO,COLOURS,02998e,VED80RtxTkK7Wb-iZ2qnag,,,,,
ELITE ,73,https://i.ibb.co/Z6VgWpK/LUXIO-73-ELITE-41.png,"Nail O`Clock, –°—Ç—É–¥–∏—è –ê–Ω–Ω—ã –ö–ª—é—á–∫–æ",LUXIO,COLOURS,7c2f88,yLwgNibuTwuWRzFu8Hp1Bw,,,,,
IRRESISTIBLE ,74,https://i.ibb.co/C1VDkHm/LUXIO-74-IRRESISTIBLE-42.png,Nail O`Clock,LUXIO,COLOURS,ea4a85,pJj0Xe90RkWSS3iUw3C6wA,,,,,
PULSE ,75,https://i.ibb.co/BtykTP2/LUXIO-75-PULSE-43.png,Nail O`Clock,LUXIO,COLOURS,cb4602,0zeaAgq8RzC5QyfS.TBajA,,,,,
NONSTOP ,76,https://i.ibb.co/ftntWT0/LUXIO-76-NONSTOP-44.png,Nail O`Clock,LUXIO,COLOURS,dedc01,S0Q8CTESRWagySobKhrW7A,,,,,
ENTRANCING ,77,https://i.ibb.co/C51pNj4/LUXIO-77-ENTRANCING-45.png,Nail O`Clock,LUXIO,COLOURS,a71029,nkZhXvqxQi-ZKr5ay.7n9g,,,,,
TANGO,78,https://i.ibb.co/ZX5gWZz/LUXIO-78-TANGO-46.png,"Nail O`Clock, –°—Ç—É–¥–∏—è –ê–Ω–Ω—ã –ö–ª—é—á–∫–æ",LUXIO,COLOURS,ca2f34,a8uYZDUtTwSalfIf-Y1HBw,,,,,
COSMO ,79,https://i.ibb.co/CwCNv6W/LUXIO-79-COSMO-47.png,"Nail O`Clock, –°—Ç—É–¥–∏—è –ê–Ω–Ω—ã –ö–ª—é—á–∫–æ",LUXIO,COLOURS,e85858,ffXNpxbZS5mw755Zo.l0Lg,,,,,
ENDLESS ,80,https://i.ibb.co/XJgFMwt/LUXIO-80-ENDLESS-48.png,Nail O`Clock,LUXIO,COLOURS,d95199,IfCThZxEQECSwpXX3VxbMg,,,,,
INTUITIVE ,81,https://i.ibb.co/CWqtQy5/LUXIO-81-INTUITIVE-49.png,Nail O`Clock,LUXIO,COLOURS,04353a,b5zJ4IaWSaSTOawO4dG1BQ,,,,,
SPECTRA ,82,https://i.ibb.co/khYwLZy/LUXIO-82-SPECTRA-50.png,"Nail O`Clock, –°—Ç—É–¥–∏—è –ê–Ω–Ω—ã –ö–ª—é—á–∫–æ",LUXIO,COLOURS,030615,9C5HO7L8Qvyo9BaLyuzrvQ,,,,,
POTION ,83,https://i.ibb.co/tJv69n6/LUXIO-83-POTION-51.png,"Nail O`Clock, –°—Ç—É–¥–∏—è –ê–Ω–Ω—ã –ö–ª—é—á–∫–æ",LUXIO,COLOURS,2a0721,KhqGrsG-RwuDCci55xUynw,,,,,
CLASSY ,84,https://i.ibb.co/TmnvG3C/LUXIO-84-CLASSY-52.png,"Nail O`Clock, –°—Ç—É–¥–∏—è –ê–Ω–Ω—ã –ö–ª—é—á–∫–æ",LUXIO,COLOURS,6f0711,mViaYWLIQn2-FR4tIPPUpg,,,,,
CHIC ,85,https://i.ibb.co/S7MtfNT/LUXIO-85-CHIC-53.png,"Nail O`Clock, –°—Ç—É–¥–∏—è –ê–Ω–Ω—ã –ö–ª—é—á–∫–æ",LUXIO,COLOURS,d74c69,9H2OvO-yT3SOZh4l7l3AkQ,,,,,
FLAIR ,86,https://i.ibb.co/1nkfC6V/LUXIO-86-FLAIR-54.png,Nail O`Clock,LUXIO,COLOURS,7b983e,EJ.Q2gSaSzG.rxjYrF9Cgw,,,,,
FOREVER ,87,https://i.ibb.co/wBBS3JF/LUXIO-87-FOREVER-55.png,"Nail O`Clock, –°—Ç—É–¥–∏—è –ê–Ω–Ω—ã –ö–ª—é—á–∫–æ",LUXIO,COLOURS,cfa8a1,aG2vcuvdSL-mG9LM7bmM-A,,,,,1
DESIRE ,88,https://i.ibb.co/LxjBZds/LUXIO-88-DESIRE-56.png,Nail O`Clock,LUXIO,COLOURS,940001,G4HKbt4tS-GkLrYbUtNfHA,,,,,
POLAR ,89,https://i.ibb.co/DVzVHSY/LUXIO-89-POLAR-57.png,"Nail O`Clock, –°—Ç—É–¥–∏—è –ê–Ω–Ω—ã –ö–ª—é—á–∫–æ",LUXIO,COLOURS,c3c2c8,GFl7SH58SMCFR7GVBduY1A,,,,,
CHEERFUL ,90,https://i.ibb.co/M1WGHn9/LUXIO-90-CHEERFUL-58.png,"Nail O`Clock, –°—Ç—É–¥–∏—è –ê–Ω–Ω—ã –ö–ª—é—á–∫–æ",LUXIO,COLOURS,dbce99,6WQU.77aQO6TgdiNs.2x0g,,,,,
MYTH ,91,https://i.ibb.co/3vBQLtR/LUXIO-91-MYTH-59.png,"Nail O`Clock, –°—Ç—É–¥–∏—è –ê–Ω–Ω—ã –ö–ª—é—á–∫–æ",LUXIO,COLOURS,004260,ZcOqBSTJRUCHDkuB6l7lsA,,,,,
TEMPTING ,92,https://i.ibb.co/pQyK39w/LUXIO-92-TEMPTING-60.png,"Nail O`Clock, –°—Ç—É–¥–∏—è –ê–Ω–Ω—ã –ö–ª—é—á–∫–æ",LUXIO,COLOURS,003a78,0QMgwYj1TKK.Hx8fbDb76A,,,,,1
SPIRIT,93,https://i.ibb.co/Qfw0MVT/LUXIO-93-SPIRIT-61.png,"Nail O`Clock, –°—Ç—É–¥–∏—è –ê–Ω–Ω—ã –ö–ª—é—á–∫–æ",LUXIO,COLOURS,001244,ZW1r45e7TkGCNxWc1oHrXw,,,,,
INTRIGUE ,94,https://i.ibb.co/rFL9FFd/LUXIO-94-INTRIGUE-62.png,Nail O`Clock,LUXIO,COLOURS,170535,OwsXJl0BSfilCUR6cyF6Mg,,,,,
DELICATE ,95,https://i.ibb.co/grxZNmD/LUXIO-95-DELICATE-63.png,"Nail O`Clock, –°—Ç—É–¥–∏—è –ê–Ω–Ω—ã –ö–ª—é—á–∫–æ",LUXIO,COLOURS,d7c3cb,i4r4QIWPTlGChs7IhZo5xg,,,,,
DEVINE ,96,https://i.ibb.co/cwN4zwW/LUXIO-96-DEVINE-64.png,Nail O`Clock,LUXIO,COLOURS,d93c7c,zV5lIxgrSeuztRF-f45Bww,,,,,
DISTRACTION ,97,https://i.ibb.co/DCx3mx9/LUXIO-97-DISTRACTION-65.png,Nail O`Clock,LUXIO,COLOURS,ca392c,a-VOlbaz8RtyK3eA5q14cLA,,,,,
WHISPER ,98,https://i.ibb.co/BL0Btvw/LUXIO-98-WHISPER-66.png,Nail O`Clock,LUXIO,COLOURS,ba9d8f,I.bDIofbRuebsvLmBhQv0g,,,,,
COCOA ,99,https://i.ibb.co/SxMJvtB/LUXIO-99-COCOA-67.png,"Nail O`Clock, –°—Ç—É–¥–∏—è –ê–Ω–Ω—ã –ö–ª—é—á–∫–æ",LUXIO,COLOURS,290507,sT1TBNNHT8C3PooxhASKuQ,,,,,
RETRO ,100,https://i.ibb.co/X8yTHFq/LUXIO-100-RETRO-68.png,Nail O`Clock,LUXIO,COLOURS,560204,oZRBWNwuS8SjqAb2kUsOxg,,,,,
MYSTERY ,101,https://i.ibb.co/wYjF3JZ/LUXIO-101-MYSTERY-69.png,"Nail O`Clock, –°—Ç—É–¥–∏—è –ê–Ω–Ω—ã –ö–ª—é—á–∫–æ",LUXIO,COLOURS,380611,v8Zbsj9PQdC.1pZkLkGWwA,,,,,
INFINITE ,102,https://i.ibb.co/1dTW3N7/LUXIO-102-INFINITE-70.png,Nail O`Clock,LUXIO,COLOURS,6e1134,jCO6dcrUTv-O7v1r2xhTWQ,,,,,
VIBRANT ,103,https://i.ibb.co/h7GBNsX/LUXIO-103-VIBRANT-71.png,Nail O`Clock,LUXIO,COLOURS,a72248,siUPO24cRsCu4xqw263HLQ,,,,,
MISCHIEVOUS ,104,https://i.ibb.co/Kr6TWG8/LUXIO-104-MISCHIEVOUS-72.png,"Nail O`Clock, –°—Ç—É–¥–∏—è –ê–Ω–Ω—ã –ö–ª—é—á–∫–æ",LUXIO,COLOURS,a4111b,oJjIE1HpQnCfPmJgJp2mOg,,,,,
FORMIDABLE ,105,https://i.ibb.co/MsTVsvg/LUXIO-105-FORMIDABLE-73.png,Nail O`Clock,LUXIO,COLOURS,ad241c,lJ.cprK.TFaiFlRS0HxSGg,,,,,
ABYSS ,106,https://i.ibb.co/w0rQV68/LUXIO-106-ABYSS-74.png,"Nail O`Clock, –°—Ç—É–¥–∏—è –ê–Ω–Ω—ã –ö–ª—é—á–∫–æ",LUXIO,COLOURS,060119,RvulQd.xRUGf3dtZ5BkXnQ,,,,,
PEACOCK ,107,https://i.ibb.co/Z6sc4VD/LUXIO-107-PEACOCK-75.png,"Nail O`Clock, –°—Ç—É–¥–∏—è –ê–Ω–Ω—ã –ö–ª—é—á–∫–æ",LUXIO,COLOURS,003374,b9YpaHAdTUeeX-EvHwxN5Q,,,,,
MOODY ,108,https://i.ibb.co/41ZrzK4/LUXIO-108-MOODY-76.png,Nail O`Clock,LUXIO,COLOURS,002156,S2Gp21C5T4CNNfQhf4rrcA,,,,,
SERENITY,109,https://i.ibb.co/LxRGcDD/LUXIO-109-SERENITY-77.png,"Nail O`Clock, –°—Ç—É–¥–∏—è –ê–Ω–Ω—ã –ö–ª—é—á–∫–æ",LUXIO,COLOURS,dfc6c2,L4apRi6iQjqaHWqcw9vfag,,,,,
IVORY ,110,https://i.ibb.co/F5GbxBF/LUXIO-110-IVORY-78.png,"Nail O`Clock, –°—Ç—É–¥–∏—è –ê–Ω–Ω—ã –ö–ª—é—á–∫–æ",LUXIO,COLOURS,d2d1cf,Y8hOYg.bTQOWdtGdBeFPtA,,,,,
DREAMY ,111,https://i.ibb.co/9sNWvZH/LUXIO-111-DREAMY-79.png,Nail O`Clock,LUXIO,PASTELS,8d9598,6AkTdYqQSySIemhnGBXQBg,,,,,
SHY ,112,https://i.ibb.co/g3vfNLS/LUXIO-112-SHY-80.png,"Nail O`Clock, –°—Ç—É–¥–∏—è –ê–Ω–Ω—ã –ö–ª—é—á–∫–æ",LUXIO,PASTELS,e2c8b9,gW60jZNjTVqbLDxIAozH3Q,,,,,
GENTLE ,113,https://i.ibb.co/MRMNwbx/LUXIO-113-GENTLE-81.png,Nail O`Clock,LUXIO,PASTELS,a5b8b2,kcvA0KMYR726SFbTJOVVFA,,,,,
FAIRY ,114,https://i.ibb.co/tBM6YP0/LUXIO-114-FAIRY-82.png,"Nail O`Clock, –°—Ç—É–¥–∏—è –ê–Ω–Ω—ã –ö–ª—é—á–∫–æ",LUXIO,PASTELS,dbcfd7,SwqwEnkRT8ytrF8jIKg4Eg,,,,,
LOVELY ,115,https://i.ibb.co/ss4nKTq/LUXIO-115-LOVELY-83.png,"Nail O`Clock, –°—Ç—É–¥–∏—è –ê–Ω–Ω—ã –ö–ª—é—á–∫–æ",LUXIO,PASTELS,9a8fad,4UPTaO8ZQMWDOTIkTNjlnw,,,,,4
CALM ,116,https://i.ibb.co/26tX9R6/LUXIO-116-CALM-84.png,"Nail O`Clock, –°—Ç—É–¥–∏—è –ê–Ω–Ω—ã –ö–ª—é—á–∫–æ",LUXIO,PASTELS,669eb5,JVEWmv9WSMyGHlu6ZAIHRA,,,,,
PEACEFUL ,117,https://i.ibb.co/SxTdWQM/LUXIO-117-PEACEFUL-85.png,"Nail O`Clock, –°—Ç—É–¥–∏—è –ê–Ω–Ω—ã –ö–ª—é—á–∫–æ",LUXIO,PASTELS,ddd0a7,jSGnmRyGSxKLCoyY9SbOoA,,,,,
BREATHLESS ,118,https://i.ibb.co/f8yHJbN/LUXIO-118-BREATHLESS-86.png,"Nail O`Clock, –°—Ç—É–¥–∏—è –ê–Ω–Ω—ã –ö–ª—é—á–∫–æ",LUXIO,PASTELS,87a5c3,J8pRmC76QaaFlOm9AXuszA,,,,,
SEDUCTION ,119,https://i.ibb.co/HhXGz0M/LUXIO-119-SEDUCTION-87.png,Nail O`Clock,LUXIO,COLOURS,400204,WfBxpyd4SR2mYAf.0g1tvQ,,,,,
MAGIC ,120,https://i.ibb.co/ggsz5BC/LUXIO-120-MAGIC-88.png,Nail O`Clock,LUXIO,COLOURS,2e0614,a.A5do4lxQ9qln0UvI6sUGA,,,,,
WISP ,121,https://i.ibb.co/1stFX6k/LUXIO-121-WISP-89.png,"Nail O`Clock, –°—Ç—É–¥–∏—è –ê–Ω–Ω—ã –ö–ª—é—á–∫–æ",LUXIO,COLOURS,b4b4b7,UNyfQ0VWTI-n8ZYSqyWcSA,,,,,
PIXIE ,122,https://i.ibb.co/Fh6xW5W/LUXIO-122-PIXIE-90.png,Nail O`Clock,LUXIO,COLOURS,d8987d,FBtdg4D5Rtq3mspRSBNGqg,,,,,
ENLIGHTEN ,123,https://i.ibb.co/HnKnhSy/LUXIO-123-ENLIGHTEN-91.png,Nail O`Clock,LUXIO,COLOURS,419675,7YCL45mDSxygsyQPfJVfRQ,,,,,
DARLING ,124,https://i.ibb.co/6J8GXGz/LUXIO-124-DARLING-92.png,Nail O`Clock,LUXIO,COLOURS,e09184,I6fQ1sTqQzG5gPchaEtQOw,,,,,
ALMONDINE ,125,https://i.ibb.co/5WkCfhQ/LUXIO-125-ALMONDINE-93.png,"Nail O`Clock, –°—Ç—É–¥–∏—è –ê–Ω–Ω—ã –ö–ª—é—á–∫–æ",LUXIO,COLOURS,d9bdb2,rR9HNmNKTy-SUdsY-CsVLg,,,,,
FANFARE ,126,https://i.ibb.co/QCQVxCL/LUXIO-126-FANFARE-94.png,"Nail O`Clock, –°—Ç—É–¥–∏—è –ê–Ω–Ω—ã –ö–ª—é—á–∫–æ",LUXIO,COLOURS,1232a9,GO-WY7ZzRumjthEYLVeA9w,,,,,
WHIMSICAL ,127,https://i.ibb.co/8bMKVQR/LUXIO-127-WHIMSICAL-95.png,Nail O`Clock,LUXIO,COLOURS,0087b8,vytXmGijRM6-F2PMFDz3aQ,,,,,
FORTUNE ,128,https://i.ibb.co/L5trNBb/LUXIO-128-FORTUNE-96.png,"Nail O`Clock, –°—Ç—É–¥–∏—è –ê–Ω–Ω—ã –ö–ª—é—á–∫–æ",LUXIO,COLOURS,021e23,FyCk3ALxRui-RxzSqQrJHw,,,,,
REBEL ,129,https://i.ibb.co/1qqMwGW/LUXIO-129-REBEL-97.png,Nail O`Clock,LUXIO,COLOURS,7f0c13,Nq5zFrL.Rn-IsivAJEcJzA,,,,,
CELEBRATE ,130,https://i.ibb.co/k2Mx0sS/LUXIO-130-CELEBRATE-98.png,"Nail O`Clock, –°—Ç—É–¥–∏—è –ê–Ω–Ω—ã –ö–ª—é—á–∫–æ",LUXIO,COLOURS,54609e,wCBr.787Rd2hvp2yUwDqow,,,,,
ATTRACTION ,131,https://i.ibb.co/0sJ4FZC/LUXIO-131-ATTRACTION-99.png,Nail O`Clock,LUXIO,BRIGHTS,8b3f8c,D-y8wlILRqS8mqLFQxYNGg,,,,,
CRUSH ,132,https://i.ibb.co/fxTGvxc/LUXIO-132-CRUSH-100.png,Nail O`Clock,LUXIO,BRIGHTS,fda867,P0FtIdRHRw23..xhO5AmDQ,,,,,
DELIGHTFUL ,133,https://i.ibb.co/b7cNqTx/LUXIO-133-DELIGHTFUL-101.png,Nail O`Clock,LUXIO,COLOURS,fea0d9,pUC8mBszRYKQOPiwXot2vA,,,,,
ENGAGEMENT ,134,https://i.ibb.co/yytPHPx/LUXIO-134-ENGAGEMENT-102.png,"Nail O`Clock, Chicago",LUXIO,COLOURS,00c2b0,miZFkAqTR3Cv3HNFKt86eg,,,,,
PASSION ,135,https://i.ibb.co/ZWz0X2D/LUXIO-135-PASSION-103.png,Nail O`Clock,LUXIO,COLOURS,a20923,JpDb.yb8QQW5tykynxlZIQ,,,,,
PROPOSAL ,136,https://i.ibb.co/XDT92bk/LUXIO-136-PROPOSAL-104.png,"Nail O`Clock, –°—Ç—É–¥–∏—è –ê–Ω–Ω—ã –ö–ª—é—á–∫–æ",LUXIO,COLOURS,cac1b2,muhrNyvSRoGoxW1wnDySoA,,,,,
NIGHTFALL ,137,https://i.ibb.co/bQq8b2N/LUXIO-137-NIGHTFALL-105.png,"Nail O`Clock, –°—Ç—É–¥–∏—è –ê–Ω–Ω—ã –ö–ª—é—á–∫–æ, Chicago",LUXIO,COLOURS,060709,RNicDk-HRgaiGGF14Gbalg,,,,,
SHADOW ,138,https://i.ibb.co/tQ0hM39/LUXIO-138-SHADOW-106.png,"Nail O`Clock, –°—Ç—É–¥–∏—è –ê–Ω–Ω—ã –ö–ª—é—á–∫–æ, Chicago",LUXIO,COLOURS,586471,VpEvPXpXQuGIookV-IhzFQ,,,,,1
INCOGNITO ,139,https://i.ibb.co/nsG4DVv/LUXIO-139-INCOGNITO-107.png,"Nail O`Clock, –°—Ç—É–¥–∏—è –ê–Ω–Ω—ã –ö–ª—é—á–∫–æ",LUXIO,COLOURS,687846,wDT.d-E-RrqipTij3FYw6w,,,,,
LOOKOUT ,140,https://i.ibb.co/gRF33vb/LUXIO-140-LOOKOUT-108.png,"Nail O`Clock, –°—Ç—É–¥–∏—è –ê–Ω–Ω—ã –ö–ª—é—á–∫–æ, Chicago",LUXIO,COLOURS,0b0672,0Ka0wRlxRS29-47TcfnPxg,,,,,
HUSH ,141,https://i.ibb.co/3pfRbN2/LUXIO-141-HUSH-109.png,"Nail O`Clock, –°—Ç—É–¥–∏—è –ê–Ω–Ω—ã –ö–ª—é—á–∫–æ, Chicago",LUXIO,COLOURS,b8afb1,lg87fl63RcGKMQN-iU-i.A,,,,,
CONCEAL ,142,https://i.ibb.co/w4jmYbZ/LUXIO-142-CONCEAL-110.png,"Nail O`Clock, –°—Ç—É–¥–∏—è –ê–Ω–Ω—ã –ö–ª—é—á–∫–æ, Chicago",LUXIO,COLOURS,cdab9f,9fFb8xRqS56Oa.7oSuuLyA,,,,,
WINK ,143,https://i.ibb.co/ygfLjjp/LUXIO-143-WINK-111.png,"Nail O`Clock, Chicago",LUXIO,COLOURS,93d3ad,oK8NfG4VR.-1bcWHaxnaQw,,,,,
DARING ,144,https://i.ibb.co/gwLLbHJ/LUXIO-144-DARING-112.png,"Nail O`Clock, –°—Ç—É–¥–∏—è –ê–Ω–Ω—ã –ö–ª—é—á–∫–æ, Chicago",LUXIO,COLOURS,5074ba,GKhQNJ9zSumS0UDHkn4n9w,,,,,1
SASSY ,145,https://i.ibb.co/Hrzv6KQ/LUXIO-145-SASSY-113.png,"Nail O`Clock, Chicago",LUXIO,COLOURS,bb1a68,8qPjX4xHSRCu4fbqU4JS8Q,,,,,
CHEEKY ,146,https://i.ibb.co/YD0nJ3W/LUXIO-146-CHEEKY-114.png,"Nail O`Clock, –°—Ç—É–¥–∏—è –ê–Ω–Ω—ã –ö–ª—é—á–∫–æ, Chicago",LUXIO,COLOURS,c98f8e,uQnlSlWeQ7ubJ3aEoBJRkQ,,,,,
FLIRT ,147,https://i.ibb.co/mHstXxB/LUXIO-147-FLIRT-115.png,"Nail O`Clock, –°—Ç—É–¥–∏—è –ê–Ω–Ω—ã –ö–ª—é—á–∫–æ, Chicago",LUXIO,COLOURS,c7b5b5,6xY1HQS7Rw6X.sQ4XV8vug,,,,,
COY ,148,https://i.ibb.co/cbjwFZZ/LUXIO-148-COY-116.png,"Nail O`Clock, –°—Ç—É–¥–∏—è –ê–Ω–Ω—ã –ö–ª—é—á–∫–æ, Chicago",LUXIO,COLOURS,e8ecee,gU95Qt8OQpOP83csrgC9Mw,,,,,2
ELLE ,149,https://i.ibb.co/3MKmMWf/LUXIO-149-ELLE-117.png,"Nail O`Clock, Chicago",LUXIO,ATELIER COLLECTION,706c84,E3kcisZ9Ri2e6oWdLj9Z3g,,,,,
CASHMERE ,150,https://i.ibb.co/jy6HqFs/LUXIO-150-CASHMERE-118.png,"Nail O`Clock, –°—Ç—É–¥–∏—è –ê–Ω–Ω—ã –ö–ª—é—á–∫–æ, Chicago",LUXIO,ATELIER COLLECTION,4c4447,PXcaEYXMSqKIk4k5NjWdJA,,,,,
VERT ,151,https://i.ibb.co/HKfJthT/LUXIO-151-VERT-119.png,"Nail O`Clock, –°—Ç—É–¥–∏—è –ê–Ω–Ω—ã –ö–ª—é—á–∫–æ, Chicago",LUXIO,ATELIER COLLECTION,3a3f28,SDlE.11hTfKWcdtQvdQGWw,,,,,
BESPOKE ,152,https://i.ibb.co/phrwkRp/LUXIO-152-BESPOKE-120.png,"Nail O`Clock, –°—Ç—É–¥–∏—è –ê–Ω–Ω—ã –ö–ª—é—á–∫–æ, Chicago",LUXIO,ATELIER COLLECTION,400823,3GKnAScZQVyeth-55Az0VQ,,,,,
MUSE ,153,https://i.ibb.co/pPPXj3S/LUXIO-153-MUSE-121.png,"Nail O`Clock, –°—Ç—É–¥–∏—è –ê–Ω–Ω—ã –ö–ª—é—á–∫–æ, Chicago",LUXIO,ATELIER COLLECTION,800814,X3EsPGIRRJiYlnRCtMxDmA,,,,,
VAMP ,154,https://i.ibb.co/qpM7NR7/LUXIO-154-VAMP-122.png,"Nail O`Clock, –°—Ç—É–¥–∏—è –ê–Ω–Ω—ã –ö–ª—é—á–∫–æ, Chicago",LUXIO,ATELIER COLLECTION,330205,xqZImTccSNGec-zqZ7aBfA,,,,,
BOSSY ,155,https://i.ibb.co/cXdjPxK/LUXIO-155-BOSSY-123.png,"Nail O`Clock, –°—Ç—É–¥–∏—è –ê–Ω–Ω—ã –ö–ª—é—á–∫–æ",LUXIO,ATTITUDE COLLECTION,ca9897,a-v2.LRwbQA-.RnCY8G3.WA,,,,,
BRAZEN ,156,https://i.ibb.co/h2VgxNH/LUXIO-156-BRAZEN-124.png,"Nail O`Clock, –°—Ç—É–¥–∏—è –ê–Ω–Ω—ã –ö–ª—é—á–∫–æ",LUXIO,ATTITUDE COLLECTION,025b8b,etmmzAFfQeCDjArhoIewBA,,,,,1
EXPOSED ,157,https://i.ibb.co/ZzxgP6r/LUXIO-157-EXPOSED-125.png,Nail O`Clock,LUXIO,ATTITUDE COLLECTION,8b4179,MNyRiBE8R9ePhipt8fU2CQ,,,,,
HAVEN ,158,https://i.ibb.co/RSBsQz3/LUXIO-158-HAVEN-126.png,"Nail O`Clock, –°—Ç—É–¥–∏—è –ê–Ω–Ω—ã –ö–ª—é—á–∫–æ",LUXIO,ATTITUDE COLLECTION,cdbbbb,MyCG5s4fR-GaAKJqHkV5oQ,,,,,
ICON ,159,https://i.ibb.co/rsrtg4P/LUXIO-159-ICON-127.png,"Nail O`Clock, –°—Ç—É–¥–∏—è –ê–Ω–Ω—ã –ö–ª—é—á–∫–æ",LUXIO,ATTITUDE COLLECTION,3b1d7c,JYQAM-xNSJerE6q2dbYTNQ,,,,,
SMOULDER ,160,https://i.ibb.co/jM8tt4R/LUXIO-160-SMOULDER-128.png,"Nail O`Clock, –°—Ç—É–¥–∏—è –ê–Ω–Ω—ã –ö–ª—é—á–∫–æ",LUXIO,ATTITUDE COLLECTION,f60027,NIhDESPySdWjlW6ygDuJTw,,,,,
AFICIONADO ,161,https://i.ibb.co/PZDnWDL/LUXIO-161-AFICIONADO-129.png,"Nail O`Clock, –°—Ç—É–¥–∏—è –ê–Ω–Ω—ã –ö–ª—é—á–∫–æ, Chicago",LUXIO,CITY SLICK COLLECTION,0a0404,p2D9RLUhSI6mStrsQB5obw,,,,,
COMPOSED ,162,https://i.ibb.co/s1b27bm/LUXIO-162-COMPOSED-130.png,"Nail O`Clock, –°—Ç—É–¥–∏—è –ê–Ω–Ω—ã –ö–ª—é—á–∫–æ",LUXIO,CITY SLICK COLLECTION,808b98,aZpqJL2hRb6EZgLlWWfd.A,,,,,
CRAVE ,163,https://i.ibb.co/p4GVYmJ/LUXIO-163-CRAVE-131.png,"Nail O`Clock, Chicago",LUXIO,‚Ññ1 COLLECTION,958496,AgN7.zYKTG6luEIqJeV7Rg,,,,,
DESTINY ,164,https://i.ibb.co/m848p3P/LUXIO-164-DESTINY-132.png,"Nail O`Clock, Chicago",LUXIO,‚Ññ1 COLLECTION,040522,OPdvi1OyQ9uQhQO89cMyXw,,,,,
PREROGATIVE ,165,https://i.ibb.co/T1fsq7h/LUXIO-165-PREROGATIVE-133.png,"Nail O`Clock, –°—Ç—É–¥–∏—è –ê–Ω–Ω—ã –ö–ª—é—á–∫–æ, Chicago",LUXIO,CITY SLICK COLLECTION,c5181b,aA2jecMvRHmaKZzXtHlb0A,,,,,
PRIM ,166,https://i.ibb.co/ftfTmx0/LUXIO-166-PRIM-134.png,"Nail O`Clock, –°—Ç—É–¥–∏—è –ê–Ω–Ω—ã –ö–ª—é—á–∫–æ, Chicago",LUXIO,CITY SLICK COLLECTION,a9939f,Ayx6QESkQf-YJjwZNBnvkw,,,,,
RELENTLESS ,167,https://i.ibb.co/KWw8Y4M/LUXIO-167-RELENTLESS-135.png,"Nail O`Clock, –°—Ç—É–¥–∏—è –ê–Ω–Ω—ã –ö–ª—é—á–∫–æ, Chicago",LUXIO,CITY SLICK COLLECTION,9a3a2e,PTEVA17NREuWeRxjE3lrjg,,,,,
VIGILANT ,168,https://i.ibb.co/0yV4Ghn/LUXIO-168-VIGILANT-136.png,"Nail O`Clock, –°—Ç—É–¥–∏—è –ê–Ω–Ω—ã –ö–ª—é—á–∫–æ, Chicago",LUXIO,CITY SLICK COLLECTION,322c5f,tJ7gyvXqS72dhya1H3a0PA,,,,,
WILLOW ,169,https://i.ibb.co/PMGyyQv/LUXIO-169-WILLOW-137.png,Nail O`Clock,LUXIO,‚Ññ1 COLLECTION,453151,O9vagX15QbKUrBOkY-MgKw,,,,,
FINESSE ,170,https://i.ibb.co/FH9ck03/LUXIO-170-FINESSE-138.png,"Nail O`Clock, Chicago",LUXIO,TROPICO COLLECTION,cfc6bd,3b-F2HIhS0-98TfUsNniHQ,,,,,
VIVACIOUS ,171,https://i.ibb.co/hyH9SP9/LUXIO-171-VIVACIOUS-139.png,"Nail O`Clock, Chicago",LUXIO,TROPICO COLLECTION,713c6e,2zr9rON6TOK02yN7NkuZJA,,,,,
PRECOCIOUS ,172,https://i.ibb.co/nmDjSZJ/LUXIO-172-PRECOCIOUS-140.png,"Nail O`Clock, Chicago",LUXIO,TROPICO COLLECTION,a74041,WAn1NqV5RMuAExZ24bI-Fw,,https://i.ibb.co/k4NSb1K/1000-luxio-c219a52c0cc00829ab19caa4eeaf2480.png,https://cdn.shopify.com/s/files/1/1186/7574/products/akzentz-luxio-precocious-815367_1024x1024.jpg,,
DAUNTLESS ,173,https://i.ibb.co/gMs7sMP/LUXIO-173-DAUNTLESS-141.png,"Nail O`Clock, –°—Ç—É–¥–∏—è –ê–Ω–Ω—ã –ö–ª—é—á–∫–æ, Chicago",LUXIO,TROPICO COLLECTION,d38d1f,GrsM8dyTR2W9NWAyv7gljg,,,,,
AUDACIOUS ,174,https://i.ibb.co/Jq6ZGbj/LUXIO-174-AUDACIOUS-142.png,"Nail O`Clock, Chicago",LUXIO,TROPICO COLLECTION,a66058,M7d.TEwZTauHVshHG7p-Dw,,,,,
DAINTIEST ,175,https://i.ibb.co/pr112mD/LUXIO-175-DAINTIEST-143.png,"Nail O`Clock, –°—Ç—É–¥–∏—è –ê–Ω–Ω—ã –ö–ª—é—á–∫–æ, Chicago",LUXIO,TROPICO COLLECTION,bf8a9a,fUs-0GfXRJWSQI7bawTvZA,,,,,
DEMURE ,176,https://i.ibb.co/zXcwn1t/LUXIO-176-DEMURE-144.png,"Nail O`Clock, –°—Ç—É–¥–∏—è –ê–Ω–Ω—ã –ö–ª—é—á–∫–æ, Chicago",LUXIO,‚Ññ2 COLLECTION,b5a09d,a.j4-i2aMSBmdKYnlRGIbTw,,,,,
BREEZE ,177,https://i.ibb.co/SK8zdGP/LUXIO-177-BREEZE-145.png,"Nail O`Clock, –°—Ç—É–¥–∏—è –ê–Ω–Ω—ã –ö–ª—é—á–∫–æ, Chicago",LUXIO,‚Ññ2 COLLECTION,a79bb3,FuwI0AjkQo2v0IPU7RzDjA,,,,,
INNOCENT ,178,https://i.ibb.co/9pynY7T/LUXIO-178-INNOCENT-146.png,"Nail O`Clock, –°—Ç—É–¥–∏—è –ê–Ω–Ω—ã –ö–ª—é—á–∫–æ",LUXIO,‚Ññ2 COLLECTION,bc9ea8,I4bS475FQhSEbAi.U70bsw,,,,,
IMPULSE ,179,https://i.ibb.co/MM12SLj/LUXIO-179-IMPULSE-147.png,"Nail O`Clock, –°—Ç—É–¥–∏—è –ê–Ω–Ω—ã –ö–ª—é—á–∫–æ",LUXIO,COLOURS,ac693a,Ihv8p4aoT1i2RXcagpdk4w,,,,,
TANTALIZING ,180,https://i.ibb.co/L8Zjm1z/LUXIO-180-TANTALIZING-148.png,"Nail O`Clock, –°—Ç—É–¥–∏—è –ê–Ω–Ω—ã –ö–ª—é—á–∫–æ",LUXIO,COLOURS,8f0204,N1F9ufeZRHKK0z69sXNx5w,,,,,
BEGUILING ,181,https://i.ibb.co/bs1BYmw/LUXIO-181-BEGUILING-149.png,"Nail O`Clock, –°—Ç—É–¥–∏—è –ê–Ω–Ω—ã –ö–ª—é—á–∫–æ",LUXIO,COLOURS,300000,gEUDIfklSOq7DIs6xBd4lg,,,,,
PLUSH ,182,https://i.ibb.co/qxjgHwf/LUXIO-182-PLUSH-150.png,"Nail O`Clock, Chicago",LUXIO,COLOURS,571b22,SQU1wnJbQU2dz1OMcty2qQ,,,,,
CURIOSITY ,183,https://i.ibb.co/mJ9MhX3/LUXIO-183-CURIOSITY-151.png,"Nail O`Clock, –°—Ç—É–¥–∏—è –ê–Ω–Ω—ã –ö–ª—é—á–∫–æ, Chicago",LUXIO,COLOURS,b88788,t2zRccB5Q8-Y3cSdih7ogA,,,,,
STORM ,184,https://i.ibb.co/bHwtxJL/LUXIO-184-STORM-152.png,"Nail O`Clock, –°—Ç—É–¥–∏—è –ê–Ω–Ω—ã –ö–ª—é—á–∫–æ",LUXIO,COLOURS,030406,MXV8j2spTdKfRnvEqkVqTQ,,,,,
LUSTFUL ,185,https://i.ibb.co/YjWYTXn/LUXIO-185-LUSTFUL-153.png,"Nail O`Clock, –°—Ç—É–¥–∏—è –ê–Ω–Ω—ã –ö–ª—é—á–∫–æ",LUXIO,COLOURS,ffc4c5,Fh7B4i0pTkqNuui9dNA4aA,,,,,
GLIMPSE ,186,https://i.ibb.co/Bg64TrX/LUXIO-186-GLIMPSE-154.png,"Nail O`Clock, –°—Ç—É–¥–∏—è –ê–Ω–Ω—ã –ö–ª—é—á–∫–æ",LUXIO,COLOURS,ecc1a9,AIttwVnzRECvxnwUyYaygA,,,,,
JADED ,187,https://i.ibb.co/yhSKNkK/LUXIO-187-JARED-155.png,"Nail O`Clock, –°—Ç—É–¥–∏—è –ê–Ω–Ω—ã –ö–ª—é—á–∫–æ",LUXIO,COLOURS,a7c2bb,W3zsQyU-QISls68Z56OEnw,,,,,1
INSTINCT ,188,https://i.ibb.co/mzJ4Pvx/LUXIO-188-INSTINCT-156.png,"Nail O`Clock, –°—Ç—É–¥–∏—è –ê–Ω–Ω—ã –ö–ª—é—á–∫–æ",LUXIO,COLOURS,f88423,6Bg7dOPOSA2xddGXG8BiCw,,,,,
PERSUASION ,189,https://i.ibb.co/Bn5zQxf/LUXIO-189-PERSUASION-157.png,"Nail O`Clock, –°—Ç—É–¥–∏—è –ê–Ω–Ω—ã –ö–ª—é—á–∫–æ",LUXIO,COLOURS,d20056,l0DUowU9SZmrNVEUt5nLUQ,,,,,
VIRTUE ,190,https://i.ibb.co/QjvWdv0/LUXIO-190-VIRTUE-158.png,"Nail O`Clock, –°—Ç—É–¥–∏—è –ê–Ω–Ω—ã –ö–ª—é—á–∫–æ",LUXIO,COLOURS,e70100,Agiy7K10SyKfh-BFpsLc4Q,,,,,
SENTIMENT ,191,https://i.ibb.co/1n5Ssqc/LUXIO-191-SENTIMENT-159.png,Nail O`Clock,LUXIO,COLOURS,d3c2bf,TQue-wheTMun5PryeJgN9w,,,,,
SULTRY ,192,https://i.ibb.co/JcqNXRd/LUXIO-192-SULTRY-160.png,Nail O`Clock,LUXIO,COLOURS,998ca0,2JRjQvGXSaqdJNzFZ4htpg,,,,,
SECRET ,193,https://i.ibb.co/s5rf3Z6/LUXIO-193-SECRET-161.png,Nail O`Clock,LUXIO,COLOURS,6a062c,FYb0BCi7SryarYDOj1kxYw,,,,,
TRYST ,194,https://i.ibb.co/XbX5Kdf/LUXIO-194-TRYST-162.png,Nail O`Clock,LUXIO,COLOURS,1b2f43,FuMTvk5eTXm6AiTtKMQl3A,,,,,
CRYPTIC ,195,https://i.ibb.co/BBQgDFG/LUXIO-195-CRYPTIC-163.png,Nail O`Clock,LUXIO,COLOURS,1b1b1c,aJjC.VnzSjO2BAw.R0rK4A,,,,,
PROVOKE ,196,https://i.ibb.co/r6Wfyzg/LUXIO-196-PROVOKE-164.png,Nail O`Clock,LUXIO,COLOURS,361c57,t0UdUz6gS.6.gyUxHhJWYA,,,,,
SWANK ,197,https://i.ibb.co/bWhCvS6/LUXIO-197-SWANK-165.png,Nail O`Clock,LUXIO,COLOURS,a38127,a.7ccoAqDRpmW3eLdp9wFhw,,,,,
SUAVE ,198,https://i.ibb.co/1nfdnLW/LUXIO-198-SUAVE-166.png,Nail O`Clock,LUXIO,COLOURS,7e8aa6,3UxJgRCOTL-0pvLsWPk1sg,,,,,
STIGMA ,199,https://i.ibb.co/NZzvvTQ/LUXIO-199-STIGMA-167.png,Nail O`Clock,LUXIO,COLOURS,cd3036,5LtIWlmfSbKv9uJJSFc8mA,,,,,
MOVEMENT ,210,https://i.ibb.co/1ngxCxF/LUXIO-210-MOVEMENT-168.png,Nail O`Clock,LUXIO,COLOURS,d18790,T3.aAYqASeOdX.aMHSZxdw,,,,,
RESTRAIN ,211,https://i.ibb.co/4KYL94G/LUXIO-211-RESTRAIN-169.png,Nail O`Clock,LUXIO,COLOURS,a97c83,v6cvYMezQS2eIGvPmGUQEw,,,,,
INCITE ,212,https://i.ibb.co/jM4p9NX/LUXIO-212-INCITE-170.png,Nail O`Clock,LUXIO,COLOURS,d8c1c0,J675FuksR4qQa2i-DhCjjA,,,,,
CALYPSO ,700,https://i.ibb.co/F3d5b28/LUXIO-700-CALYPSO-171.png,Nail O`Clock,LUXIO,GLITTERS,9e2e22,3jZrrr.HTxSYkOkB3P7K4g,,,,,
STARDUST ,701,https://i.ibb.co/XWdLFVp/LUXIO-701-STARDUST-172.png,Nail O`Clock,LUXIO,GLITTERS,90939a,rPTfLz4JT1STo2ehj5Be0Q,,,,,
GODDESS ,702,https://i.ibb.co/WzTpXtM/LUXIO-702-GODDESS-173.png,Nail O`Clock,LUXIO,GLITTERS,beafac,NV8LnJKrTcagsSHP8silAQ,,,,,
LUSCIOUS ,703,https://i.ibb.co/XSq3WRx/LUXIO-703-LUSCIOUS-174.png,Nail O`Clock,LUXIO,GLITTERS,94030c,1QSNH4nHR5e271Ybig1jOw,,,,,
DELIGHTFUL ,707,https://i.ibb.co/mG7wGHz/LUXIO-707-DELIGHTFUL-175.png,"–°—Ç—É–¥–∏—è –ê–Ω–Ω—ã –ö–ª—é—á–∫–æ, Chicago",LUXIO,BRIGHTS,e58ab7,26wZLunpQo6iGK2ObrVSeQ,,,,,
CRUSH ,708,https://i.ibb.co/Rc6jMty/LUXIO-708-CRUSH-176.png,"–°—Ç—É–¥–∏—è –ê–Ω–Ω—ã –ö–ª—é—á–∫–æ, Chicago",LUXIO,COLOURS,e8a66c,Ib.9h483TPi1vLCnt165aQ,,,,,
PROPOSAL ,709,https://i.ibb.co/Rgpyzc6/LUXIO-709-PROPOSAL-177.png,–°—Ç—É–¥–∏—è –ê–Ω–Ω—ã –ö–ª—é—á–∫–æ,LUXIO,COLOURS,f6e1c9,vCvjOV9oQR2txwgOubTa-w,,,,,1
ROSE-GOLD ,800,https://i.ibb.co/GQrd9dv/LUXIO-800-ROSE-GOLD-178.png,Nail O`Clock,LUXIO,GLITTERS,7f4546,Yk836Yx.TwyNodM2OGgdvQ,,,,,
SILVER ,801,https://i.ibb.co/qYSYBLn/LUXIO-801-SILVER-179.png,"Nail O`Clock, –°—Ç—É–¥–∏—è –ê–Ω–Ω—ã –ö–ª—é—á–∫–æ",LUXIO,GLITTERS,aab4ba,zcIpSs7ISzGC88KYI5Qrsg,,,,,
GOLD ,802,https://i.ibb.co/X7WDBMj/LUXIO-802-GOLD-180.png,"Nail O`Clock, –°—Ç—É–¥–∏—è –ê–Ω–Ω—ã –ö–ª—é—á–∫–æ",LUXIO,GLITTERS,a19887,h2mgDYuwRpuBWEv-jqKrkw,,,,,
CHAMPAGNE ,803,https://i.ibb.co/0Q4DKwf/LUXIO-803-CHAMPAGNE-181.png,Nail O`Clock,LUXIO,GLITTERS,5f5f53,4ettjbztRsKfKQkw2brWJA,,,,,
GARNET ,804,https://i.ibb.co/Ttbwfkm/LUXIO-804-GARNET-182.png,"Nail O`Clock, –°—Ç—É–¥–∏—è –ê–Ω–Ω—ã –ö–ª—é—á–∫–æ",LUXIO,GLITTERS,5b0202,npdkoB5HTAalw5Br8XeQWQ,,,,,
MIRAGE ,805,https://i.ibb.co/2jyxzSD/LUXIO-805-MIRAGE-183.png,"Nail O`Clock, –°—Ç—É–¥–∏—è –ê–Ω–Ω—ã –ö–ª—é—á–∫–æ",LUXIO,GLITTERS,1d2a37,jvVA3TG4TZiD3pSfJZunkg,,,,,1
VOLT ,900,https://i.ibb.co/ZL3Z2cd/LUXIO-900-VOLT-184.png,Nail O`Clock,LUXIO,BRIGHTS,05ed02,pI5jJhTNSye9ZnnhKipHIw,,,,,
SUNBURST ,901,https://i.ibb.co/hMC4F4J/LUXIO-901-SUNBURST-185.png,"Nail O`Clock, –°—Ç—É–¥–∏—è –ê–Ω–Ω—ã –ö–ª—é—á–∫–æ",LUXIO,BRIGHTS,d3f001,ibcEGamKSqmLRt2FY4rgcA,,,,,
STARTLE ,902,https://i.ibb.co/SJrwBfd/LUXIO-902-STARTLE-186.png,Nail O`Clock,LUXIO,BRIGHTS,0241af,HfWBwdUBSHOglRRD7v-faw,,,,,
DAZZLE ,903,https://i.ibb.co/Xt8qCVM/LUXIO-903-DAZZLE-187.png,"Nail O`Clock, –°—Ç—É–¥–∏—è –ê–Ω–Ω—ã –ö–ª—é—á–∫–æ",LUXIO,BRIGHTS,eb0067,E2RR9.4ORaG24reuVvdEqg,,,,,2
SHOCK ,904,https://i.ibb.co/3fCbT1n/LUXIO-904-SHOCK-188.png,"Nail O`Clock, –°—Ç—É–¥–∏—è –ê–Ω–Ω—ã –ö–ª—é—á–∫–æ",LUXIO,BRIGHTS,ff4401,3Of5Qua.RkW7GbhT2kBT6A,,,,,2
SCOUNDREL ,905,https://i.ibb.co/Brnhgpd/LUXIO-905-SCOUNDREL-189.png,"Nail O`Clock, –°—Ç—É–¥–∏—è –ê–Ω–Ω—ã –ö–ª—é—á–∫–æ",LUXIO,BRIGHTS,ca3a31,3TTRR19OQB-.dKhKRhoRUw,,,,,
EXTREME ,906,https://i.ibb.co/7tWTPpG/LUXIO-906-EXTREME-190.png,Nail O`Clock,LUXIO,BRIGHTS,5a205a,mfWZMXZXRFCvwzD4dm5jTw,,,,,
BOMBSHELL ,907,https://i.ibb.co/xzv8c9p/LUXIO-907-BOMBSHELL-191.png,Nail O`Clock,LUXIO,BRIGHTS,d43d71,D2ZWYeWlQ2CxWk4azrTdlw,,,,,
,,,,,,,,,,,,
BLACK ,2,https://i.ibb.co/hK6V3jX/UNO-2-BLACK-1.png,–°—Ç—É–¥–∏—è –ê–Ω–Ω—ã –ö–ª—é—á–∫–æ,UNO,,0,jyzKq2qSRYKHh9XGt3AWzA,,,,,2
RUBY RED ,79,https://i.ibb.co/99DVzkY/UNO-79-RUBY-RED-2.png,–°—Ç—É–¥–∏—è –ê–Ω–Ω—ã –ö–ª—é—á–∫–æ,UNO,,76061e,jDxkcopRTy-gyfJg-FGVvQ,,,,,
IRISH CREAM ,171,https://i.ibb.co/D97xBkc/UNO-171-IRISH-CREAM-3.png,–°—Ç—É–¥–∏—è –ê–Ω–Ω—ã –ö–ª—é—á–∫–æ,UNO,,e9b2b7,Kta9plRuTtKmif6pxVjkjw,,,,,15
CLASSIC RED ,303,https://i.ibb.co/vqm2NcY/UNO-303-CLASSIC-RED-4.png,–°—Ç—É–¥–∏—è –ê–Ω–Ω—ã –ö–ª—é—á–∫–æ,UNO,,9c0f15,cB0HJyXfQGyMq9kabNNqcA,,,,,32
,,,,,,,,,,,,
,3,https://i.ibb.co/Mcd1RjT/VOICE-OF-KALIPSO-3-1.png,–°—Ç—É–¥–∏—è –ê–Ω–Ω—ã –ö–ª—é—á–∫–æ,VOICE OF KALIPSO,,cab6bc,hlZaMRqeTvCexPv6nPBIVQ,,,,,
,4,https://i.ibb.co/zR5TZ7V/VOICE-OF-KALIPSO-4-2.png,–°—Ç—É–¥–∏—è –ê–Ω–Ω—ã –ö–ª—é—á–∫–æ,VOICE OF KALIPSO,,583596,nGtwNndPTTibdXDh8KqzBA,,,,,
,6,https://i.ibb.co/QJd2GxG/VOICE-OF-KALIPSO-6-3.png,–°—Ç—É–¥–∏—è –ê–Ω–Ω—ã –ö–ª—é—á–∫–æ,VOICE OF KALIPSO,,c48097,VDX.pQjLR0GldOAmUUNH4A,,,,,
,7,https://i.ibb.co/k37ChDt/VOICE-OF-KALIPSO-7-4.png,–°—Ç—É–¥–∏—è –ê–Ω–Ω—ã –ö–ª—é—á–∫–æ,VOICE OF KALIPSO,,d5adbe,r.AeWKmtTM203lb63tW7BA,,,,,
,8,https://i.ibb.co/7kCGb5R/VOICE-OF-KALIPSO-8-5.png,–°—Ç—É–¥–∏—è –ê–Ω–Ω—ã –ö–ª—é—á–∫–æ,VOICE OF KALIPSO,,dfc5c9,fEMyp3JnQdiTfBzl0jlVow,,,,,
,10,https://i.ibb.co/6myyMv1/VOICE-OF-KALIPSO-10-6.png,–°—Ç—É–¥–∏—è –ê–Ω–Ω—ã –ö–ª—é—á–∫–æ,VOICE OF KALIPSO,,ac8788,QqWKaQPdQWGSO1Ky9IB6fg,,,,,
,11,https://i.ibb.co/rFFLwXm/VOICE-OF-KALIPSO-11-7.png,–°—Ç—É–¥–∏—è –ê–Ω–Ω—ã –ö–ª—é—á–∫–æ,VOICE OF KALIPSO,,d8babb,0iTpik9HQluoxxhVv6JtXw,,,,,
,13,https://i.ibb.co/BBtWqFP/VOICE-OF-KALIPSO-13-8.png,–°—Ç—É–¥–∏—è –ê–Ω–Ω—ã –ö–ª—é—á–∫–æ,VOICE OF KALIPSO,,292e2a,a-XsJhgANTAaFU3kmNv.1Uw,,,,,
,14,https://i.ibb.co/svMt7RV/VOICE-OF-KALIPSO-14-9.png,–°—Ç—É–¥–∏—è –ê–Ω–Ω—ã –ö–ª—é—á–∫–æ,VOICE OF KALIPSO,,eae0d7,Nk31CQVETcG4mzKARCCXqQ,,,,,
,15,https://i.ibb.co/JBg72hW/VOICE-OF-KALIPSO-15-10.png,–°—Ç—É–¥–∏—è –ê–Ω–Ω—ã –ö–ª—é—á–∫–æ,VOICE OF KALIPSO,,e5dadd,DB8PS5K3R82FghW7DJKlVg,,,,,
,16,https://i.ibb.co/Vx26JLb/VOICE-OF-KALIPSO-16-11.png,–°—Ç—É–¥–∏—è –ê–Ω–Ω—ã –ö–ª—é—á–∫–æ,VOICE OF KALIPSO,,fbfaf5,cSLcIzxZQ1u3yMd117vkhQ,,,,,
,17,https://i.ibb.co/Dfn1CWT/VOICE-OF-KALIPSO-17-12.png,–°—Ç—É–¥–∏—è –ê–Ω–Ω—ã –ö–ª—é—á–∫–æ,VOICE OF KALIPSO,,978d8d,Qt6.zWZqRait7si1IUyRKA,,,,,
,18,https://i.ibb.co/q5W6tpK/VOICE-OF-KALIPSO-18-13.png,–°—Ç—É–¥–∏—è –ê–Ω–Ω—ã –ö–ª—é—á–∫–æ,VOICE OF KALIPSO,,e0cbc8,SeTx6mJiQVqK2BNfXUURqA,,,,,
,20,https://i.ibb.co/Srbp974/VOICE-OF-KALIPSO-20-14.png,–°—Ç—É–¥–∏—è –ê–Ω–Ω—ã –ö–ª—é—á–∫–æ,VOICE OF KALIPSO,,dfb9b8,YWh17PbGQ8iBKL4-ATgqnA,,,,,
,21,https://i.ibb.co/4R18Zvf/VOICE-OF-KALIPSO-21-15.png,–°—Ç—É–¥–∏—è –ê–Ω–Ω—ã –ö–ª—é—á–∫–æ,VOICE OF KALIPSO,,e1a9af,ixDHrERkTgy.UDQOzAAtAQ,,,,,
,22,https://i.ibb.co/B2TDpNW/VOICE-OF-KALIPSO-22-16.png,–°—Ç—É–¥–∏—è –ê–Ω–Ω—ã –ö–ª—é—á–∫–æ,VOICE OF KALIPSO,,635d5e,mHsvU1UiSauE0fldtcYDPA,,,,,
,25,https://i.ibb.co/LCDcVRM/VOICE-OF-KALIPSO-25-17.png,–°—Ç—É–¥–∏—è –ê–Ω–Ω—ã –ö–ª—é—á–∫–æ,VOICE OF KALIPSO,,e3d0cd,5HMtrMjrRWiVn7gTX-EU-A,,,,,
,27,https://i.ibb.co/pbGYdRr/VOICE-OF-KALIPSO-27-18.png,–°—Ç—É–¥–∏—è –ê–Ω–Ω—ã –ö–ª—é—á–∫–æ,VOICE OF KALIPSO,,eaaeae,nEEEYr0ATlORRGLyVdwx7Q,,,,,
,31,https://i.ibb.co/0j8qgSB/VOICE-OF-KALIPSO-31-19.png,–°—Ç—É–¥–∏—è –ê–Ω–Ω—ã –ö–ª—é—á–∫–æ,VOICE OF KALIPSO,,971f2c,KlGPUnOPR6KPeoR-gdwPYA,,,,,
,32,https://i.ibb.co/88McrqS/VOICE-OF-KALIPSO-32-20.png,–°—Ç—É–¥–∏—è –ê–Ω–Ω—ã –ö–ª—é—á–∫–æ,VOICE OF KALIPSO,,b0818c,xVDeOzcYT5mqUFeJEQ-aAA,,,,,
,34,https://i.ibb.co/HnxB89C/VOICE-OF-KALIPSO-34-21.png,–°—Ç—É–¥–∏—è –ê–Ω–Ω—ã –ö–ª—é—á–∫–æ,VOICE OF KALIPSO,,575757,jTlkG-wYSqS7p2aX8cMRYg,,,,,
,35,https://i.ibb.co/HCVwyzm/VOICE-OF-KALIPSO-35-22.png,–°—Ç—É–¥–∏—è –ê–Ω–Ω—ã –ö–ª—é—á–∫–æ,VOICE OF KALIPSO,,37251a,mw6Uk19HQj6O5hia6qqiXg,,,,,
,37,https://i.ibb.co/StVtgRW/VOICE-OF-KALIPSO-37-23.png,–°—Ç—É–¥–∏—è –ê–Ω–Ω—ã –ö–ª—é—á–∫–æ,VOICE OF KALIPSO,,efd7dd,1H4oSVXET4W-oShrHoiswA,,,,,
,38,https://i.ibb.co/MVPv05X/VOICE-OF-KALIPSO-38-24.png,–°—Ç—É–¥–∏—è –ê–Ω–Ω—ã –ö–ª—é—á–∫–æ,VOICE OF KALIPSO,,dcbdb9,faTOoyqLSoqWXVwHs6hbGA,,,,,
,39,https://i.ibb.co/gDQgR7d/VOICE-OF-KALIPSO-39-25.png,–°—Ç—É–¥–∏—è –ê–Ω–Ω—ã –ö–ª—é—á–∫–æ,VOICE OF KALIPSO,,b99cad,79ikJ.5zSf-z6vexx.m0Eg,,,,,
,41,https://i.ibb.co/C8ZBFSg/VOICE-OF-KALIPSO-41-26.png,–°—Ç—É–¥–∏—è –ê–Ω–Ω—ã –ö–ª—é—á–∫–æ,VOICE OF KALIPSO,,bd8eb4,yhqdL-4AR8O7YXY2XAXTUA,,,,,
,42,https://i.ibb.co/TPhS3NW/VOICE-OF-KALIPSO-42-27.png,–°—Ç—É–¥–∏—è –ê–Ω–Ω—ã –ö–ª—é—á–∫–æ,VOICE OF KALIPSO,,df97cf,ELvWJxdSSjq8fuk7DqbUUw,,,,,
,46,https://i.ibb.co/XFcNT4L/VOICE-OF-KALIPSO-46-28.png,–°—Ç—É–¥–∏—è –ê–Ω–Ω—ã –ö–ª—é—á–∫–æ,VOICE OF KALIPSO,,a94f6c,X7R6-esZTz2xscardIA7fw,,,,,
,55,https://i.ibb.co/6XqtzLg/VOICE-OF-KALIPSO-55-29.png,–°—Ç—É–¥–∏—è –ê–Ω–Ω—ã –ö–ª—é—á–∫–æ,VOICE OF KALIPSO,,00005e,Y98Etk-HSSSfVZ2ApnuZPQ,,,,,
,56,https://i.ibb.co/GF45wh5/VOICE-OF-KALIPSO-56-30.png,–°—Ç—É–¥–∏—è –ê–Ω–Ω—ã –ö–ª—é—á–∫–æ,VOICE OF KALIPSO,,211e4e,a-sWc50xaRhC5jgT-Azhz6w,,,,,
,57,https://i.ibb.co/BBfBN86/VOICE-OF-KALIPSO-57-31.png,–°—Ç—É–¥–∏—è –ê–Ω–Ω—ã –ö–ª—é—á–∫–æ,VOICE OF KALIPSO,,515892,DNGk6pmMRZu8OKEEGJYKRw,,,,,
,59,https://i.ibb.co/r0wKcW0/VOICE-OF-KALIPSO-59-32.png,–°—Ç—É–¥–∏—è –ê–Ω–Ω—ã –ö–ª—é—á–∫–æ,VOICE OF KALIPSO,,a47eb4,XTYWz.yrT4yDhcDM5x9ufg,,,,,
,60,https://i.ibb.co/bWRnBCz/VOICE-OF-KALIPSO-60-33.png,–°—Ç—É–¥–∏—è –ê–Ω–Ω—ã –ö–ª—é—á–∫–æ,VOICE OF KALIPSO,,3b3b3b,AfkLlmJ.QJ2N.WCrsNZpbQ,,,,,
,62,https://i.ibb.co/WD6Z7x2/VOICE-OF-KALIPSO-62-34.png,–°—Ç—É–¥–∏—è –ê–Ω–Ω—ã –ö–ª—é—á–∫–æ,VOICE OF KALIPSO,,bd1721,dzEgKlGXSTmeyDB14cNADg,,,,,
,63,https://i.ibb.co/z65hnrF/VOICE-OF-KALIPSO-63-35.png,–°—Ç—É–¥–∏—è –ê–Ω–Ω—ã –ö–ª—é—á–∫–æ,VOICE OF KALIPSO,,96003f,FTuc9HS2QW-1q2RyIiQI9Q,,,,,
,64,https://i.ibb.co/z6jKHnD/VOICE-OF-KALIPSO-64-36.png,–°—Ç—É–¥–∏—è –ê–Ω–Ω—ã –ö–ª—é—á–∫–æ,VOICE OF KALIPSO,,da194f,04-W1n1hTkO4d5063ojJaQ,,,,,
,65,https://i.ibb.co/Nyzrxd7/VOICE-OF-KALIPSO-65-37.png,–°—Ç—É–¥–∏—è –ê–Ω–Ω—ã –ö–ª—é—á–∫–æ,VOICE OF KALIPSO,,cd3a51,OzHNyCEAR6aHyJx6U7oHvw,,,,,
,67,https://i.ibb.co/JHWwZNr/VOICE-OF-KALIPSO-67-38.png,–°—Ç—É–¥–∏—è –ê–Ω–Ω—ã –ö–ª—é—á–∫–æ,VOICE OF KALIPSO,,a1172a,zUbDti-5TSWkUdQfSB0yzw,,,,,
,68,https://i.ibb.co/8NcfbfT/VOICE-OF-KALIPSO-68-39.png,–°—Ç—É–¥–∏—è –ê–Ω–Ω—ã –ö–ª—é—á–∫–æ,VOICE OF KALIPSO,,3a0012,jxK615AHRDi6OcHr5edjNw,,,,,
,69,https://i.ibb.co/VTrYWFB/VOICE-OF-KALIPSO-69-40.png,–°—Ç—É–¥–∏—è –ê–Ω–Ω—ã –ö–ª—é—á–∫–æ,VOICE OF KALIPSO,,510910,AUGpCaDJRh-HqMaNIQgBiA,,,,,
,74,https://i.ibb.co/YymFBtC/VOICE-OF-KALIPSO-74-41.png,–°—Ç—É–¥–∏—è –ê–Ω–Ω—ã –ö–ª—é—á–∫–æ,VOICE OF KALIPSO,,333a32,xhB5atd-TYijtyp51zbjZA,,,,,
,83,https://i.ibb.co/CtKd9gs/VOICE-OF-KALIPSO-83-42.png,–°—Ç—É–¥–∏—è –ê–Ω–Ω—ã –ö–ª—é—á–∫–æ,VOICE OF KALIPSO,,251418,kwfWcfJnSx21wURyi.HXIA,,,,,
,84,https://i.ibb.co/KrYMX43/VOICE-OF-KALIPSO-84-43.png,–°—Ç—É–¥–∏—è –ê–Ω–Ω—ã –ö–ª—é—á–∫–æ,VOICE OF KALIPSO,,1d1d3e,B2UZVHNSRZie8DJYlS8cEQ,,,,,
,85,https://i.ibb.co/cLHD32b/VOICE-OF-KALIPSO-85-44.png,–°—Ç—É–¥–∏—è –ê–Ω–Ω—ã –ö–ª—é—á–∫–æ,VOICE OF KALIPSO,,ecdbe7,tGto9OhxSmaeB7fFaikGgA,,,,,
,87,https://i.ibb.co/GkZkPxX/VOICE-OF-KALIPSO-87-45.png,–°—Ç—É–¥–∏—è –ê–Ω–Ω—ã –ö–ª—é—á–∫–æ,VOICE OF KALIPSO,,f0c4db,FkuUDLMoQU2EmVZWtSJJXw,,,,,
,94,https://i.ibb.co/7JgrLJj/VOICE-OF-KALIPSO-94-46.png,–°—Ç—É–¥–∏—è –ê–Ω–Ω—ã –ö–ª—é—á–∫–æ,VOICE OF KALIPSO,,b9273a,I6Q79QtgTNaVQB2dy3t8jw,,,,,
,100,https://i.ibb.co/hZD6vTP/VOICE-OF-KALIPSO-100-47.png,–°—Ç—É–¥–∏—è –ê–Ω–Ω—ã –ö–ª—é—á–∫–æ,VOICE OF KALIPSO,,902451,Lt2T8DRUTBCTHEZyvjgmLA,,,,,
,101,https://i.ibb.co/qywCfb2/VOICE-OF-KALIPSO-101-48.png,–°—Ç—É–¥–∏—è –ê–Ω–Ω—ã –ö–ª—é—á–∫–æ,VOICE OF KALIPSO,,561733,iSJWy8TARO63YDXPs625RA,,,,,
,103,https://i.ibb.co/YpRywwJ/VOICE-OF-KALIPSO-103-49.png,–°—Ç—É–¥–∏—è –ê–Ω–Ω—ã –ö–ª—é—á–∫–æ,VOICE OF KALIPSO,,663c69,9vRT0XxXTrii3Qyf4DAPwA,,,,,
,105,https://i.ibb.co/C0ryVyj/VOICE-OF-KALIPSO-105-50.png,–°—Ç—É–¥–∏—è –ê–Ω–Ω—ã –ö–ª—é—á–∫–æ,VOICE OF KALIPSO,,5b2f4f,2HWeh18JT7yxQAOR-ePl5Q,,,,,
,108,https://i.ibb.co/2khN1Lx/VOICE-OF-KALIPSO-108-51.png,–°—Ç—É–¥–∏—è –ê–Ω–Ω—ã –ö–ª—é—á–∫–æ,VOICE OF KALIPSO,,24293b,NfzYLp8zQuiDa4JkXqq0-Q,,,,,
,110,https://i.ibb.co/py9C6z1/VOICE-OF-KALIPSO-110-52.png,–°—Ç—É–¥–∏—è –ê–Ω–Ω—ã –ö–ª—é—á–∫–æ,VOICE OF KALIPSO,,b0aad3,md8ioAFJSFiV3kOlFN1ACw,,,,,
,115,https://i.ibb.co/J26qRCJ/VOICE-OF-KALIPSO-115-53.png,–°—Ç—É–¥–∏—è –ê–Ω–Ω—ã –ö–ª—é—á–∫–æ,VOICE OF KALIPSO,,bcacb1,Y-WFdF40RXC042xyH9zhuw,,,,,
,125,https://i.ibb.co/c67yGPZ/VOICE-OF-KALIPSO-125-54.png,–°—Ç—É–¥–∏—è –ê–Ω–Ω—ã –ö–ª—é—á–∫–æ,VOICE OF KALIPSO,,711a42,XEutmlQnQjydVHD8iMQNzw,,,,,
,126,https://i.ibb.co/0qyftcp/VOICE-OF-KALIPSO-126-55.png,–°—Ç—É–¥–∏—è –ê–Ω–Ω—ã –ö–ª—é—á–∫–æ,VOICE OF KALIPSO,,261910,t8.aSmEYRWKULSR9Nchf7Q,,,,,
,129,https://i.ibb.co/DCyRGqP/VOICE-OF-KALIPSO-129-56.png,–°—Ç—É–¥–∏—è –ê–Ω–Ω—ã –ö–ª—é—á–∫–æ,VOICE OF KALIPSO,,2c2027,xvVyGtI7TvWzdd9n8IA3eg,,,,,
,133,https://i.ibb.co/JyCFW2p/VOICE-OF-KALIPSO-133-57.png,–°—Ç—É–¥–∏—è –ê–Ω–Ω—ã –ö–ª—é—á–∫–æ,VOICE OF KALIPSO,,dfb9c4,DPOT8yNEQ1WGNRDzsrC1tA,,,,,
,137,https://i.ibb.co/XxfB87m/VOICE-OF-KALIPSO-137-58.png,–°—Ç—É–¥–∏—è –ê–Ω–Ω—ã –ö–ª—é—á–∫–æ,VOICE OF KALIPSO,,410016,UUtKBk6uT5OEEKcaFpwqDw,,,,,
,139,https://i.ibb.co/cDT8Ggp/VOICE-OF-KALIPSO-139-59.png,–°—Ç—É–¥–∏—è –ê–Ω–Ω—ã –ö–ª—é—á–∫–æ,VOICE OF KALIPSO,,272020,LksHdYrDTO-f1FgewkymsQ,,,,,
,156,https://i.ibb.co/HVtLDDQ/VOICE-OF-KALIPSO-156-60.png,–°—Ç—É–¥–∏—è –ê–Ω–Ω—ã –ö–ª—é—á–∫–æ,VOICE OF KALIPSO,,d71042,4g3G0O1cTS2Btw6ZSSp.pQ,,,,,
,168,https://i.ibb.co/NrqpHXC/VOICE-OF-KALIPSO-168-61.png,–°—Ç—É–¥–∏—è –ê–Ω–Ω—ã –ö–ª—é—á–∫–æ,VOICE OF KALIPSO,,1b30a1,YUhaYuQDTHaj9jhO2G8dMw,,,,,
,169,https://i.ibb.co/z5cdLbH/VOICE-OF-KALIPSO-169-62.png,–°—Ç—É–¥–∏—è –ê–Ω–Ω—ã –ö–ª—é—á–∫–æ,VOICE OF KALIPSO,,1f131d,Zd6rWDVASfe6byWRFiQyDg,,,,,
,171,https://i.ibb.co/sFKpHsS/VOICE-OF-KALIPSO-171-63.png,–°—Ç—É–¥–∏—è –ê–Ω–Ω—ã –ö–ª—é—á–∫–æ,VOICE OF KALIPSO,,221622,Q1vBKremSnuzgC6ZAKwiTQ,,,,,
,198,https://i.ibb.co/dM2Hqyg/VOICE-OF-KALIPSO-198-64.png,–°—Ç—É–¥–∏—è –ê–Ω–Ω—ã –ö–ª—é—á–∫–æ,VOICE OF KALIPSO,,e79fc3,Pxg42jU2TEy5AsBUZhcn.A,,,,,
,243,https://i.ibb.co/CwsWMnP/VOICE-OF-KALIPSO-243-65.png,–°—Ç—É–¥–∏—è –ê–Ω–Ω—ã –ö–ª—é—á–∫–æ,VOICE OF KALIPSO,,817d88,Td5eXIiCSPK8fPXktyASEw,,,,,
,,,,,,,,,,,,
,108,https://i.ibb.co/BwysJ3c/Beautix-108-1.png,Nail O`Clock,Beautix,,f33c38,wEhP2ko8SHuqfh1KgM5cnQ,,,,,
,118,https://i.ibb.co/KmhrYD3/Beautix-118-2.png,Nail O`Clock,Beautix,,f3281a,PA4uvCYCTNSDd7jxChLhZQ,,,,,
,123,https://i.ibb.co/KW113Zj/Beautix-123-3.png,Nail O`Clock,Beautix,,b91827,JNJAV0v-RB6PJUTiOXhWCg,,,,,
,217,https://i.ibb.co/DV1d1hg/Beautix-217-4.png,Nail O`Clock,Beautix,,ec598f,Radxa9zOROy2l5hicdocmg,,,,,
,228,https://i.ibb.co/3mSqBMP/Beautix-228-5.png,Nail O`Clock,Beautix,,fe3559,d-ODahMNSzGVa-ITW5gpQw,,,,,
,230,https://i.ibb.co/yRptjwx/Beautix-230-6.png,Nail O`Clock,Beautix,,e50776,S-p9b-OBS.mzUr7HWu17mA,,,,,
,237,https://i.ibb.co/tXbJDvp/Beautix-237-7.png,Nail O`Clock,Beautix,,624034,b2Tw9ulZQr2JG0B40dnZAA,,,,,
,238,https://i.ibb.co/5vcNLdC/Beautix-238-8.png,Nail O`Clock,Beautix,,fce1e6,ht8b3QIaTo22zxxGDvF0Gw,,,,,
,250,https://i.ibb.co/TKmz1cM/Beautix-250-9.png,Nail O`Clock,Beautix,,6f67a2,nxF8BuO.Q9O6sKGSQpYDVw,,,,,
,254,https://i.ibb.co/0qJwJ9K/Beautix-254-10.png,Nail O`Clock,Beautix,,ef492f,psDxfZJFShCEsCCXcHZSaQ,,,,,
,256,https://i.ibb.co/hs3tW1w/Beautix-256-11.png,Nail O`Clock,Beautix,,ffc8cb,36Q1bM9VRKiX7mAcYruiTA,,,,,
,297,https://i.ibb.co/vzQ4cY2/Beautix-297-12.png,Nail O`Clock,Beautix,,2a0f2c,iUlJjEAbR96E2mHE8ivrUQ,,,,,
,298,https://i.ibb.co/W6vmttf/Beautix-298-13.png,Nail O`Clock,Beautix,,dab958,tMJZkJHzRB6-z-uJmBOMsw,,,,,
,304,https://i.ibb.co/j5sKgH5/Beautix-304-14.png,Nail O`Clock,Beautix,,291636,9hkt5LRERgSRzAI2H47F0A,,,,,
,312,https://i.ibb.co/x6dvLdc/Beautix-312-15.png,Nail O`Clock,Beautix,,6eb9bf,rO58V76CTr-rvLwG-IeImg,,,,,
,313,https://i.ibb.co/wK8W6Qc/Beautix-313-16.png,Nail O`Clock,Beautix,,477686,NGGnH8VSQDSivsiJimqS9g,,,,,
,318,https://i.ibb.co/3mv5y9f/Beautix-318-17.png,Nail O`Clock,Beautix,,d9effc,l105aZauRfGiMtqxUI7DmA,,,,,
,319,https://i.ibb.co/Kxy1gYX/Beautix-319-18.png,Nail O`Clock,Beautix,,b7c8d2,MgLfpHdgSm6L9t9kisheEw,,,,,
,329,https://i.ibb.co/7vdk6kX/Beautix-329-19.png,Nail O`Clock,Beautix,,6b586e,KGH1Eb33RxqxRHPO6tWOWA,,,,,
,330,https://i.ibb.co/CBwd2jr/Beautix-330-20.png,Nail O`Clock,Beautix,,570037,uteftLICSc-SOWAU1ikRtQ,,,,,
,332,https://i.ibb.co/p18gppn/Beautix-332-21.png,Nail O`Clock,Beautix,,1e2b53,GszTY-RzTKmPGeToeSOyrg,,,,,
,333,https://i.ibb.co/MsMmBmB/Beautix-333-22.png,Nail O`Clock,Beautix,,0e4597,0TDki2rfQCeNkAlDAaNYHg,,,,,
,334,https://i.ibb.co/swK2XNG/Beautix-334-23.png,Nail O`Clock,Beautix,,13154,dtabhr7tR12LgOQhQ9IwKw,,,,,
,335,https://i.ibb.co/zxZRTSv/Beautix-335-24.png,Nail O`Clock,Beautix,,0e0674,0pWoa-qtSJOP.uEmLqZunA,,,,,
,336,https://i.ibb.co/HPJD6SW/Beautix-336-25.png,Nail O`Clock,Beautix,,331963,diuv2QUYR9mvD2D29mGI7A,,,,,
,338,https://i.ibb.co/bzP8FGP/Beautix-338-26.png,Nail O`Clock,Beautix,,162052,Wx01ZzatTs2PSVeU1xPTlQ,,,,,
,340,https://i.ibb.co/BNFyxW1/Beautix-340-27.png,Nail O`Clock,Beautix,,7cb0bd,Gh69nPvERHScX4HMRjFMlg,,,,,
,411,https://i.ibb.co/9W4GtwG/Beautix-411-28.png,Nail O`Clock,Beautix,,76c08b,q9Fhr.-JT4Oe3H1-K4pCbQ,,,,,
,521,https://i.ibb.co/DwP6k4q/Beautix-521-29.png,Nail O`Clock,Beautix,,e4d2c4,CgBW.M81SUiM69f1lWxnNA,,,,,
,608,https://i.ibb.co/Q8sKQKd/Beautix-608-30.png,Nail O`Clock,Beautix,,d1b3b5,erN0Lof3R8eo9jwh7o.Q6g,,,,,
,613,https://i.ibb.co/cwp2Rh3/Beautix-613-31.png,Nail O`Clock,Beautix,,1b1714,vGBTys2rRTCr1DnE2KRd.w,,,,,
,622,https://i.ibb.co/HCyC455/Beautix-622-32.png,Nail O`Clock,Beautix,,b98e87,UPrANIJaQPuXXmSpoP2.Cg,,,,,
,623,https://i.ibb.co/QjyTCWK/Beautix-623-33.png,Nail O`Clock,Beautix,,d7add1,7xIAH5gAQ5CBOAwX3ysSYA,,,,,
,628,https://i.ibb.co/2htydWf/Beautix-628-34.png,Nail O`Clock,Beautix,,bc8a81,pPAuarY5R.SjoA9.KkaNAw,,,,,
,631,https://i.ibb.co/NxDNJTr/Beautix-631-35.png,Nail O`Clock,Beautix,,41291d,ePEHslNTToO6X8K-Citq6Q,,,,,
,632,https://i.ibb.co/qBGBbHV/Beautix-632-36.png,Nail O`Clock,Beautix,,2f1b24,ahlyFnGGTxaft6hD1WK7Cw,,,,,
,636,https://i.ibb.co/42qrdyg/Beautix-636-37.png,Nail O`Clock,Beautix,,7a5d71,5.nDxO0nQU-T02OfB3Onvw,,,,,
,638,https://i.ibb.co/JvsXfvm/Beautix-638-38.png,Nail O`Clock,Beautix,,aa95a5,M6xlNk5WTSa3XOsn0L7DBw,,,,,
,701,https://i.ibb.co/gP48mV7/Beautix-701-39.png,Nail O`Clock,Beautix,,ebf0ea,4iQsi6M7SW6mWitKy3VFWw,,,,,
,715,https://i.ibb.co/5Y3nbBB/Beautix-715-40.png,Nail O`Clock,Beautix,,495675,p.LRc3sXQ3GmWBVWdDcylw,,,,,
,719,https://i.ibb.co/KxqShkN/Beautix-719-41.png,Nail O`Clock,Beautix,,40507,RqLhpgraQ5Oyav5lNJ4svQ,,,,,
,801,https://i.ibb.co/zF5ksGg/Beautix-801-42.png,Nail O`Clock,Beautix,,ff7779,NZJXl06rS2G7jL-WefkqFw,,,,,
,802,https://i.ibb.co/tD8Rz6f/Beautix-802-43.png,Nail O`Clock,Beautix,,591457,r9uYyJQvSuuL36MvYLqAeg,,,,,
,803,https://i.ibb.co/xSVDFtv/Beautix-803-44.png,Nail O`Clock,Beautix,,fd5739,sklonflORt6ygkv2nk8-ng,,,,,
,804,https://i.ibb.co/q0S8JZV/Beautix-804-45.png,Nail O`Clock,Beautix,,f70d48,MaYZBYmFRdaqQj6tS6QhPw,,,,,
,805,https://i.ibb.co/CH3HbTW/Beautix-805-46.png,Nail O`Clock,Beautix,,e03d98,Qy0uQOLRT4eL74cRRG9CuA,,,,,
,806,https://i.ibb.co/t86XLch/Beautix-806-47.png,Nail O`Clock,Beautix,,8993c8,Kzz-DVM4TPCrm79plJsJMA,,,,,4
,807,https://i.ibb.co/Xty8Nv3/Beautix-807-48.png,Nail O`Clock,Beautix,,bca59d,JnbsOjpZRImDeIiSxiclcg,,,,,
,,,,,,,,,,,,
SNOW ,1,https://i.ibb.co/4sR8M9q/ONIQ-1-SNOW-1.png,Chicago,ONIQ,PANTONE,e9e9eb,9jr1s0ByS6ige2nlHTVtiQ,,,,,
GLACIER GREY,2,https://i.ibb.co/BcSV8pM/ONIQ-2-GLACIER-GREY-2.png,Chicago,ONIQ,PANTONE,bbc0c8,LMSkXhDpRZylqF-dhZZ0zQ,,,,,
ABYSS ,3,https://i.ibb.co/vwmK2fy/ONIQ-3-ABYSS-3.png,Chicago,ONIQ,PANTONE,8c9bad,RpcUXE0GRzehFx6XRo0iBw,,,,,
FRESH SALMON,4,https://i.ibb.co/pRXYyqR/ONIQ-4-FRESH-SALMON-4.png,Chicago,ONIQ,PANTONE,e27558,nu0qk0x6T8-nNvVkDgut9w,,,,,
GARDENIA,10,https://i.ibb.co/CKkzC7b/ONIQ-10-GARDENIA-5.png,Chicago,ONIQ,PANTONE,c7b9b3,1-ZRGFzsSK2xjMmiDQ9CqA,,,,,
ROSE QUARTZ ,14,https://i.ibb.co/7QPwjB3/ONIQ-14-ROSE-QUARTZ-6.png,Chicago,ONIQ,PANTONE,dbb5ba,7.cGwU7uQmCH.pgX5ZZg9g,,,,,
CANDY PINK ,15,https://i.ibb.co/6JMJwRS/ONIQ-15-CANDY-PINK-7.png,Chicago,ONIQ,PANTONE,e2b2c2,hRKzQcSdReWo8-t5XIZOfA,,,,,
MAGENTA ,17,https://i.ibb.co/mqZp0BK/ONIQ-17-MAGENTA-8.png,Chicago,ONIQ,PANTONE,ce2b4b,22VAAz4eSpmIu0EOY9o-oA,,,,,
BARBADOS CHERRY ,20,https://i.ibb.co/M8TyS3g/ONIQ-20-BARBADOS-CHERRY-9.png,Chicago,ONIQ,PANTONE,c61a17,hdGwDCQhT3y1BOk8Mkcy6w,,,,,
SANGRIA ,21,https://i.ibb.co/WV0m3fd/ONIQ-21-SANGRIA-10.png,Chicago,ONIQ,PANTONE,530c1d,I99QGeI8R9CDbZ5520q-JQ,,,,,
BITTER CHOCOLATE ,22,https://i.ibb.co/37561G8/ONIQ-22-BITTER-CHOCOLATE-11.png,Chicago,ONIQ,PANTONE,331914,yxnKmfxTQ26nSFu6zgWl5Q,,,,,
CHIPMUNK ,23,https://i.ibb.co/ZVxhs8j/ONIQ-23-CHIPMUNK-12.png,Chicago,ONIQ,PANTONE,965d38,50DmP3S1SRqZpbnEtsJOyg,,,,,
GRAY RIDGE ,24,https://i.ibb.co/0QJhCHg/ONIQ-24-GRAY-RIDGE-13.png,Chicago,ONIQ,PANTONE,756076,L9Z0eI2sTd6f5TAJ5N6M7Q,,,,,
NOSTALGIA ROSE ,25,https://i.ibb.co/Wk1kNQd/ONIQ-25-NOSTALGIA-ROSE-14.png,Chicago,ONIQ,PANTONE,b78997,ePIGYazNTdCw0ELvDjIN2g,,,,,
NIMBUS CLOUD ,27,https://i.ibb.co/Tb3dMBF/ONIQ-27-NIMBUS-CLOUD-15.png,Chicago,ONIQ,PANTONE,d7d4e9,KyhgTp3NQv-rVw0mSfYY6w,,,,,
PLUM ,30,https://i.ibb.co/m8v4jxK/ONIQ-30-PLUM-16.png,Chicago,ONIQ,PANTONE,791941,wl0V-h7OQgWQE3BoR-vc-g,,,,,
ACAI ,31,https://i.ibb.co/7W25fVP/ONIQ-31-ACAI-17.png,Chicago,ONIQ,PANTONE,271365,YNOwYaCRQlmq6A7IZl2OrA,,,,,
SPECTRUM BLUE ,32,https://i.ibb.co/D4Y35Gf/ONIQ-32-SPECTRUM-BLUE-18.png,Chicago,ONIQ,PANTONE,20218f,P.hThDjGTOm4xDs2i2Ch6A,,,,,
MIDNIGHT NAVY ,35,https://i.ibb.co/4FNB58W/ONIQ-35-MIDNIGHT-NAVY-19.png,Chicago,ONIQ,PANTONE,233446,3y-.CbamQL6eJgC6z5WlEg,,,,,
DARK GREEN ,40,https://i.ibb.co/sCKM0WD/ONIQ-40-DARK-GREEN-20.png,Chicago,ONIQ,PANTONE,0e1112,bi2D6imBRWOynwVAyTYL7g,,,,,
CAVIAR,42,https://i.ibb.co/M6sj82W/ONIQ-42-CAVIAR-21.png,Chicago,ONIQ,PANTONE,151515,4N0UZxwbQ5-XRKKZ-c5zCA,,,,,
AURORA RED ,46,https://i.ibb.co/sKWjnT6/ONIQ-46-AURORA-RED-22.png,Chicago,ONIQ,PANTONE,cd2019,yyN24NkgTderzLbEAi-Jdg,,,,,
WARM TAUPE ,47,https://i.ibb.co/QNfqnzw/ONIQ-47-WARM-TAUPE-23.png,Chicago,ONIQ,PANTONE,c2b5ae,5-niKhTYTlSVuMZwoc90bg,,,,,
DUSTY CEDAR ,48,https://i.ibb.co/K65rhCh/ONIQ-48-DUSTY-CEDAR-24.png,Chicago,ONIQ,PANTONE,311516,HvsT2lZMTfmKMVh9oUsn4w,,,,,
SPICY MUSTARD ,51,https://i.ibb.co/jWkVbHf/ONIQ-51-SPICY-MUSTARD-25.png,Chicago,ONIQ,PANTONE,d0b06d,ozGz9tbSTsup-eGxcUtJZg,,,,,
MOLTEN LAVA ,54,https://i.ibb.co/YD6nrMP/ONIQ-54-MOLTEN-LAVA-26.png,Chicago,ONIQ,PANTONE,cf3e46,JKTgFJ8mTg6Auu-NqB0olg,,,,,
PARACHUTE PURPLE ,61,https://i.ibb.co/TbpVXJm/ONIQ-61-PARACHUTE-PURPLE-27.png,Chicago,ONIQ,PANTONE,261c2c,F7CYdMVaQZGiZdMrO7V9vw,,,,,
CLOUD GRAY ,63,https://i.ibb.co/qJgC1g8/ONIQ-63-CLOUD-GRAY-28.png,Chicago,ONIQ,PANTONE,967d95,yv778hapT6C6yXbOiQCpIg,,,,,
WISTFUL MAUVE ,64,https://i.ibb.co/6JgX068/ONIQ-64-WISTFUL-MAUVE-29.png,Chicago,ONIQ,PANTONE,9f5567,3YD.2vH9TpGhH2wYh7Vqmw,,,,,
POTENT PURPLE,67,https://i.ibb.co/qp3yCXB/ONIQ-67-POTENT-PURPLE-30.png,Chicago,ONIQ,PANTONE,2f2128,RryvPyHZQbK94lKDsVPffg,,,,,
PINK LAVANDER ,74,https://i.ibb.co/p3cVP9g/ONIQ-74-PINK-LAVANDER-31.png,Chicago,ONIQ,PANTONE,b999c0,ltHv8mZvROiAOBeGZqfbNQ,,,,,
SAILOR BLUE ,79,https://i.ibb.co/yYBGGHz/ONIQ-79-SAILOR-BLUE-32.png,Chicago,ONIQ,PANTONE,1f2d3f,vK.sBJuORrqGeXnDrbyj6w,,,,,
RAPTURE ROSE ,80,https://i.ibb.co/6X0QRy7/ONIQ-80-RAPTURE-ROSE-33.png,Chicago,ONIQ,PANTONE,bb1c41,F-R6vaeiREW25SnnLCUoBg,,,,,
RUSSET ORANGE ,113,https://i.ibb.co/YLDWB7K/ONIQ-113-RUSSET-ORANGE-34.png,Chicago,ONIQ,PANTONE,dc5815,WKfwJn1zQ.ivaf32eWJa-w,,,,,
QUETZAL GREEN ,115,https://i.ibb.co/Rz1fjYb/ONIQ-115-QUETZAL-GREEN-35.png,Chicago,ONIQ,PANTONE,254242,9xJEhIPXSYeDbdzOKe0dcA,,,,,
JESTER RED ,131,https://i.ibb.co/kJfK4g6/ONIQ-131-JESTER-RED-36.png,Chicago,ONIQ,PANTONE,770711,R2WmGSbBTdSon2Gm2EWjRQ,,,,,
PINK PEACOCK ,134,https://i.ibb.co/1TY1hmK/ONIQ-134-PINK-PEACOCK-37.png,Chicago,ONIQ,PANTONE,960035,oD-bpRGdTKqR3yUdWG3ZbQ,,,,,
PEPPER STEM ,135,https://i.ibb.co/mtj7fJX/ONIQ-135-PEPPER-STEM-38.png,Chicago,ONIQ,PANTONE,82821f,2S9FurLHR26kKhX.pNbqAg,,,,,
MANGO MOJITO ,139,https://i.ibb.co/R2FLsfs/ONIQ-139-MANGO-MOJITO-39.png,Chicago,ONIQ,PANTONE,dc882c,9MBvIYxHQeahCNNzghQWqg,,,,,
BIKING RED ,180,https://i.ibb.co/RQMbcHz/ONIQ-180-BIKING-RED-40.png,Chicago,ONIQ,PANTONE,251010,pRen1.1vStGmLxLN9vzWWg,,,,,
ROCKY ROAD ,183,https://i.ibb.co/rdYzv52/ONIQ-183-ROCKY-ROAD-41.png,Chicago,ONIQ,PANTONE,1a0c0d,tlt6G-kgTXCnX1S3MOHZ.w,,,,,
FRUIT DOVE ,184,https://i.ibb.co/z6czTXR/ONIQ-184-FRUIT-DOVE-42.png,Chicago,ONIQ,PANTONE,a30031,XM0uRpeNQG288Wjjsm5trA,,,,,
DARK CHEDDAR ,186,https://i.ibb.co/FwXF8XV/ONIQ-186-DARK-CHEDDAR-43.png,Chicago,ONIQ,PANTONE,cd6a19,Xr0ZSQqMQKufUy49109CJg,,,,,
EVENING BLUE ,192,https://i.ibb.co/QNJCNNL/ONIQ-192-EVENING-BLUE-44.png,Chicago,ONIQ,PANTONE,10131a,wFPiGK09RsOYL7TvofB5Bw,,,,,
,,,,,,,,,,,,
,001,https://i.ibb.co/gVXvdwh/Elpaza-1.png,IStyle Beauty,Elpaza,PASTEL,e0a78a,OXMtDZTeQVqG6EMlRIr32Q,,,,,
,002,https://i.ibb.co/72s1CYL/Elpaza-2.png,IStyle Beauty,Elpaza,PASTEL,e0a293,jsMvaXd8SaSscrGxwXgc5w,,,,,
,003,https://i.ibb.co/Xt14Zz6/Elpaza-3.png,IStyle Beauty,Elpaza,PASTEL,d19398,7fVfGmJdRQCPxBsXceeL0w,,,,,
,004,https://i.ibb.co/cc3hSMy/Elpaza-4.png,IStyle Beauty,Elpaza,PASTEL,de898c,tboWip3rTF24O0tJFolDdA,,,,,
,005,https://i.ibb.co/Pxp56JZ/Elpaza-5.png,IStyle Beauty,Elpaza,PASTEL,e08ba2,RVFLKrfsR5yr.gdK3-p4cg,,,,,
,006,https://i.ibb.co/SxJ5mts/Elpaza-6.png,IStyle Beauty,Elpaza,PASTEL,de9c8e,PlMjtLW0Qgayx-MvnnJAdg,,,,,
,007,https://i.ibb.co/sCTW4xM/Elpaza-7.png,IStyle Beauty,Elpaza,PASTEL,e8a497,d-GdjAW1TW-O2CeoO8En3w,,,,,
,008,https://i.ibb.co/dr8t4rQ/Elpaza-8.png,IStyle Beauty,Elpaza,PASTEL,c3948c,l4fdtKRfRfavInohw-C4zg,,,,,
,009,https://i.ibb.co/d2TgY26/Elpaza-9.png,IStyle Beauty,Elpaza,PASTEL,ba6b80,K-Mqg.2lSbOcLrSNCciFsg,,,,,
,010,https://i.ibb.co/c2JKrRZ/Elpaza-10.png,IStyle Beauty,Elpaza,PASTEL,b58271,yxE5HsNZRZeMofVdcHjx6A,,,,,
,011,https://i.ibb.co/7RCZ6Dg/Elpaza-11.png,IStyle Beauty,Elpaza,PASTEL,d18b81,8MX6ANsNRsOd7oNnNqFTXg,,,,,
,012,https://i.ibb.co/2ZykCMS/Elpaza-12.png,IStyle Beauty,Elpaza,PASTEL,d58e92,D-95lrocT0CfJNliZrbtVQ,,,,,
,013,https://i.ibb.co/JKmCP8q/Elpaza-13.png,IStyle Beauty,Elpaza,PASTEL,c57483,pnGMgUu8SLaD4ignldxNHA,,,,,
,014,https://i.ibb.co/2Nzr4mB/Elpaza-14.png,IStyle Beauty,Elpaza,PASTEL,916370,XBB6nhq-QUGxBs5a2hFlzQ,,,,,
,015,https://i.ibb.co/02fkvr0/Elpaza-15.png,IStyle Beauty,Elpaza,PASTEL,bc6979,xkVG6vEDRJemJ-LUeDxf3A,,,,,
,016,https://i.ibb.co/VLvW6Kc/Elpaza-16.png,IStyle Beauty,Elpaza,PASTEL,a25e75,a.pR3Q5noRb-rIE0rvotRPg,,,,,
,017,https://i.ibb.co/SvgH87y/Elpaza-17.png,IStyle Beauty,Elpaza,PASTEL,a97076,NbbD1Fd.RMGp1s7ViV9AyA,,,,,
,018,https://i.ibb.co/MpBRrqF/Elpaza-18.png,IStyle Beauty,Elpaza,PASTEL,b78d99,x4fZTL1lRiqe9aqoA-iPRw,,,,,
,019,https://i.ibb.co/xSRLmwR/Elpaza-19.png,IStyle Beauty,Elpaza,PASTEL,a84a5c,ASMplyUSQ2uqC1t1hoM9Pw,,,,,
,020,https://i.ibb.co/C0Nt73S/Elpaza-20.png,IStyle Beauty,Elpaza,PASTEL,95514e,m3lQbIDXQ1mRpM9snpetsQ,,,,,
,021,https://i.ibb.co/CbMXQL5/Elpaza-21.png,IStyle Beauty,Elpaza,PASTEL,93738a,X-MbwhM1RPyvw6gSI9hL6Q,,,,,
,022,https://i.ibb.co/dbB8q39/Elpaza-22.png,IStyle Beauty,Elpaza,PASTEL,a28895,ZZ-s8vB3TI29rb-Z-Y.8.Q,,,,,
,023,https://i.ibb.co/TPWPPjw/Elpaza-23.png,IStyle Beauty,Elpaza,PASTEL,d294a3,nAUc1jB5R6aHU98nWDbuag,,,,,
,024,https://i.ibb.co/mDK2VqC/Elpaza-24.png,IStyle Beauty,Elpaza,PASTEL,a3718a,xZQeS53uRCOV2EkywPza8w,,,,,
,025,https://i.ibb.co/FKbRkQx/Elpaza-25.png,IStyle Beauty,Elpaza,PASTEL,ae736f,porNtfV7QMqEO7wtQxq1tQ,,,,,
,026,https://i.ibb.co/QDRm39R/Elpaza-26.png,IStyle Beauty,Elpaza,PASTEL,b26368,zdhR6.3JRAqOrLL.PLQdeA,,,,,
,027,https://i.ibb.co/cC90Z86/Elpaza-27.png,IStyle Beauty,Elpaza,PASTEL,c27982,JVPoodqLR9OwyPDYRJl14g,,,,,
,028,https://i.ibb.co/wh0F86h/Elpaza-28.png,IStyle Beauty,Elpaza,PASTEL,ad7c77,PcQnw8qaTA-SUC6ZPq4Yxw,,,,,
,001,https://i.ibb.co/zXPDsmM/Elpaza-29.png,IStyle Beauty,Elpaza,ROUGE,99030e,l-Q6t.EuSSeiJQibPjOTYA,,,,,
,002,https://i.ibb.co/S5YZksL/Elpaza-30.png,IStyle Beauty,Elpaza,ROUGE,690015,KSutm4xSSea2eC4SZK0NcA,,,,,
,003,https://i.ibb.co/VW67wvw/Elpaza-31.png,IStyle Beauty,Elpaza,ROUGE,760013,A8B57Z8GQJi0ihl4ovzVtQ,,,,,
,004,https://i.ibb.co/jJvgyyS/Elpaza-32.png,IStyle Beauty,Elpaza,ROUGE,e10101,PTe3LBSTQniTv9QDBQ1EqA,,,,,
,005,https://i.ibb.co/nfVRrwv/Elpaza-33.png,IStyle Beauty,Elpaza,ROUGE,600115,PDFyhU9CTKClih3OSOxMLA,,,,,
,006,https://i.ibb.co/1J1dTcG/Elpaza-34.png,IStyle Beauty,Elpaza,ROUGE,640f16,BguMSd3BQ8Sy809LeePvMQ,,,,,
,007,https://i.ibb.co/CJbm3Nm/Elpaza-35.png,IStyle Beauty,Elpaza,ROUGE,75000d,5ZymsRwwTU-2anK6vudE1A,,,,,
,008,https://i.ibb.co/L9cSMKY/Elpaza-36.png,IStyle Beauty,Elpaza,ROUGE,7b001d,MKAE7UNYQRydhww2lTAsnQ,,,,,
,009,https://i.ibb.co/ZVNS29T/Elpaza-37.png,IStyle Beauty,Elpaza,ROUGE,7c0115,RnjK5ZYlSlWMqd6OKdZ.BQ,,,,,
,010,https://i.ibb.co/6BbHmXz/Elpaza-38.png,IStyle Beauty,Elpaza,ROUGE,7f0104,Avdqq7-aQs6iDkAg9Flt7w,,,,,
,011,https://i.ibb.co/r6x9Xdd/Elpaza-39.png,IStyle Beauty,Elpaza,ROUGE,510104,ZRdI0du3QWWGIudrNMGskg,,,,,
,012,https://i.ibb.co/p3363Jj/Elpaza-40.png,IStyle Beauty,Elpaza,ROUGE,890007,zvGd3f-BQEqJ-Ecfb2dlYw,,,,,
,001,https://i.ibb.co/wdq9Mxk/Elpaza-41.png,IStyle Beauty,Elpaza,INDIGO,0a0138,wW2aH6MtR8aD69F9QMQ9ew,,,,,
,002,https://i.ibb.co/KVvtMvR/Elpaza-42.png,IStyle Beauty,Elpaza,INDIGO,0d0045,OF74lIacT6COZVMv4rrBXg,,,,,
,003,https://i.ibb.co/gwZwv6F/Elpaza-43.png,IStyle Beauty,Elpaza,INDIGO,240f22,XWRO6dZlQjC-26Io4Wijqw,,,,,
,004,https://i.ibb.co/LNw56V2/Elpaza-44.png,IStyle Beauty,Elpaza,INDIGO,151829,N7wHoSiaT6SiK-hzc4iGEA,,,,,
,005,https://i.ibb.co/pwjcr6W/Elpaza-45.png,IStyle Beauty,Elpaza,INDIGO,1b1424,J-C2YJ99SXKIjTI4mfYkzg,,,,,
,006,https://i.ibb.co/DWmYqKq/Elpaza-46.png,IStyle Beauty,Elpaza,INDIGO,371875,unLONrAsTVSX.Z.RjGNkqQ,,,,,
,007,https://i.ibb.co/YjjKWxG/Elpaza-47.png,IStyle Beauty,Elpaza,INDIGO,0e0115,ReuOhCVJSTya3oV352qB5A,,,,,
,008,https://i.ibb.co/Dfjy6pd/Elpaza-48.png,IStyle Beauty,Elpaza,INDIGO,181526,He0VNO4rQkeQGoQD0tUN.A,,,,,
,009,https://i.ibb.co/PQyz3R7/Elpaza-49.png,IStyle Beauty,Elpaza,INDIGO,32001c,NitakgqZRvuS0oQsc2jbrg,,,,,
,010,https://i.ibb.co/kV7kYrB/Elpaza-50.png,IStyle Beauty,Elpaza,INDIGO,25043d,fVfyK7wZQEi0B.XXFpNU0A,,,,,
,011,https://i.ibb.co/ZGZ5pYJ/Elpaza-51.png,IStyle Beauty,Elpaza,INDIGO,110859,6DDex6PKS7qjZykANNO1fA,,,,,
,012,https://i.ibb.co/JRtvgn5/Elpaza-52.png,IStyle Beauty,Elpaza,INDIGO,210d4a,nvgksZW8RxqE3rNU4SLu8w,,,,,
,001,https://i.ibb.co/QC8wwWp/Elpaza-53.png,IStyle Beauty,Elpaza,RUBBER BASE,caaa9f,RIv87V7vQ665s0psnn0WCg,,,,,
,002,https://i.ibb.co/xYqB0bD/Elpaza-54.png,IStyle Beauty,Elpaza,RUBBER BASE,bf938a,NEsXqvE7QNGcciRyZsF8Pg,,,,,
,003,https://i.ibb.co/kmhnMQz/Elpaza-55.png,IStyle Beauty,Elpaza,RUBBER BASE,e1ceca,vYQGuQldQQ-uvV6zQVp.ow,,,,,
,004,https://i.ibb.co/Ms2FHRK/Elpaza-56.png,IStyle Beauty,Elpaza,RUBBER BASE,cc9e8f,Ae5uVOdwQemZUj5vRm5Iag,,,,,
,005,https://i.ibb.co/rFnbc2W/Elpaza-57.png,IStyle Beauty,Elpaza,RUBBER BASE,e1c5ba,YcSL0ijtQYudWhiKhIYFpQ,,,,,
,006,https://i.ibb.co/Fwrj0Mw/Elpaza-58.png,IStyle Beauty,Elpaza,RUBBER BASE,e38ba3,a.vrvi45KQcOSpqdRnyOWmw,,,,,
,007,https://i.ibb.co/p1Rp29y/Elpaza-59.png,IStyle Beauty,Elpaza,RUBBER BASE,e4b4aa,AJ.pokEmQxWbFH7mGJAHUQ,,,,,
,008,https://i.ibb.co/6tpFb6C/Elpaza-60.png,IStyle Beauty,Elpaza,RUBBER BASE,dbada0,n7ZFkVZvTX-iBUll018Pmg,,,,,
,009,https://i.ibb.co/2kF3VX6/Elpaza-61.png,IStyle Beauty,Elpaza,RUBBER BASE,dcc0aa,Uc36cbQuT1mrzh6WpNRjpQ,,,,,
,010,https://i.ibb.co/xsz9J8x/Elpaza-62.png,IStyle Beauty,Elpaza,RUBBER BASE,e7cace,Ri.j1VoiQge263HCBmNZEQ,,,,,
,011,https://i.ibb.co/jHVJqp1/Elpaza-63.png,IStyle Beauty,Elpaza,RUBBER BASE,e5c0b8,Ouk4eKBpRNuihd.2LDZldQ,,,,,
,012,https://i.ibb.co/DL7XKkF/Elpaza-64.png,IStyle Beauty,Elpaza,RUBBER BASE,d8b3ab,ddDdCoM0R0qX74ZH-YHhAw,,,,,
,013,https://i.ibb.co/JWLbbZd/Elpaza-65.png,IStyle Beauty,Elpaza,RUBBER BASE,d59b8f,0BONA85GQN6a35CFDUfrig,,,,,
,014,https://i.ibb.co/3d03YJn/Elpaza-66.png,IStyle Beauty,Elpaza,RUBBER BASE,dc9c93,10hDrCNrTZ-GnKypOmN6QA,,,,,
,015,https://i.ibb.co/myyr532/Elpaza-67.png,IStyle Beauty,Elpaza,RUBBER BASE,d5997d,Yg01ykIITEGGfWeUMNnihQ,,,,,
,001,https://i.ibb.co/kHY3tBV/Elpaza-68.png,IStyle Beauty,Elpaza,LILAC,b290cd,hVRScXBHT7WgR-r6P5ctZw,,,,,
,002,https://i.ibb.co/QvdQVLW/Elpaza-69.png,IStyle Beauty,Elpaza,LILAC,8e75d0,wBiA2wcPSzyd7QvdZYk6LA,,,,,
,003,https://i.ibb.co/F71RwCY/Elpaza-70.png,IStyle Beauty,Elpaza,LILAC,6964c0,T-q23.UqR9-7CouhvsX.KA,,,,,
,004,https://i.ibb.co/ZNZnNvz/Elpaza-71.png,IStyle Beauty,Elpaza,LILAC,993e8b,HU-sLkYISBGrSdNddoIANQ,,,,,
,005,https://i.ibb.co/Rpgmm02/Elpaza-72.png,IStyle Beauty,Elpaza,LILAC,5d48a3,9IQPvvTDRoGXoRgwZIODOQ,,,,,
,006,https://i.ibb.co/bHwgS0M/Elpaza-73.png,IStyle Beauty,Elpaza,LILAC,51378e,Kr6vqztCQRmwL-yrEbAALA,,,,,
,007,https://i.ibb.co/w6Q1N1Y/Elpaza-74.png,IStyle Beauty,Elpaza,LILAC,0e0b14,1.R0DPHUQvKrYhYPU9kGSQ,,,,,
,008,https://i.ibb.co/Ch9rZy8/Elpaza-75.png,IStyle Beauty,Elpaza,LILAC,a05590,0N0KGJisSpyzGwuJTmfN9g,,,,,
,009,https://i.ibb.co/gRWbt4j/Elpaza-76.png,IStyle Beauty,Elpaza,LILAC,513f7b,Nkwhq7uFRJCAi78.fVYc3w,,,,,
,010,https://i.ibb.co/G3RRLB5/Elpaza-77.png,IStyle Beauty,Elpaza,LILAC,1a1130,Px6KamCRT7CfYCmBg6n6Wg,,,,,
,011,https://i.ibb.co/0QPsZr2/Elpaza-78.png,IStyle Beauty,Elpaza,LILAC,2c1444,9mhbgzoKQVCW8DkvKkJMXQ,,,,,
,012,https://i.ibb.co/4mnHy5k/Elpaza-79.png,IStyle Beauty,Elpaza,LILAC,1f1327,NWkBkaePRPKpiLEPGQCTlQ,,,,,
,001,https://i.ibb.co/k39pJYQ/Elpaza-80.png,IStyle Beauty,Elpaza,ROMANTIC,e9cbd3,5CKU7UL7SiCwkagGV.Er.w,,,,,
,002,https://i.ibb.co/m5GhZCx/Elpaza-81.png,IStyle Beauty,Elpaza,ROMANTIC,efdad9,wDAvimb-QZyXf9Zu3jaM1w,,,,,
,003,https://i.ibb.co/qJVQqbs/Elpaza-82.png,IStyle Beauty,Elpaza,ROMANTIC,f4dcdc,apfkPIKwROG7tqpMiWcv9w,,,,,
,004,https://i.ibb.co/Js8cVbL/Elpaza-83.png,IStyle Beauty,Elpaza,ROMANTIC,f4d0d2,MJja7KXSR3u1cLcosLz2gw,,,,,
,005,https://i.ibb.co/n0hyzJC/Elpaza-84.png,IStyle Beauty,Elpaza,ROMANTIC,fdb6a4,vA-pBUC8TgygTPyWQbJ48A,,,,,
,006,https://i.ibb.co/0rvq1Z9/Elpaza-85.png,IStyle Beauty,Elpaza,ROMANTIC,deb1b8,vj485sNkR0-JsSHNzDwJVA,,,,,
,007,https://i.ibb.co/cJwM6wJ/Elpaza-86.png,IStyle Beauty,Elpaza,ROMANTIC,dfb6bc,wVr.P2BHSyqqzaY-sZwm6g,,,,,
,008,https://i.ibb.co/xCgSCtW/Elpaza-87.png,IStyle Beauty,Elpaza,ROMANTIC,d9a194,uElyX55VRjiLnaglGdnlpw,,,,,
,009,https://i.ibb.co/n3SNmBJ/Elpaza-88.png,IStyle Beauty,Elpaza,ROMANTIC,e3b7b8,a.HettCEWShWbjpZtbOgMaQ,,,,,
,010,https://i.ibb.co/D54XZWD/Elpaza-89.png,IStyle Beauty,Elpaza,ROMANTIC,c39ba6,4cB0vS1jSci6aRTZkA.MBg,,,,,
,011,https://i.ibb.co/fDxPkbF/Elpaza-90.png,IStyle Beauty,Elpaza,ROMANTIC,ea93b5,5NGVRS3PTnuJYDdjnoiBZw,,,,,
,012,https://i.ibb.co/xJWGLB9/Elpaza-91.png,IStyle Beauty,Elpaza,ROMANTIC,dbafa2,J0VYFJ6pTuSuYpNBWf3u1Q,,,,,
,001,https://i.ibb.co/yVZqkDZ/Elpaza-92.png,IStyle Beauty,Elpaza,CLASSIC,f9f8f6,kQYq7DK6RL-i-EXjtKArLw,,,,,
,002,https://i.ibb.co/bsktVbm/Elpaza-93.png,IStyle Beauty,Elpaza,CLASSIC,f2c5a6,ABE54p4-QuK6-.Oy6VvJUA,,,,,
,003,https://i.ibb.co/6n055Kj/Elpaza-94.png,IStyle Beauty,Elpaza,CLASSIC,b99e89,mptEyp3wRfyIAbTqppD75g,,,,,
,004,https://i.ibb.co/47Yz8t2/Elpaza-95.png,IStyle Beauty,Elpaza,CLASSIC,0facd5,j36TyJESSHyP9JPOyW9edA,,,,,
,005,https://i.ibb.co/6JzbC1M/Elpaza-96.png,IStyle Beauty,Elpaza,CLASSIC,85746d,rdy.-7wTRYSx0iV-PIv6FQ,,,,,
,006,https://i.ibb.co/V31kRCK/Elpaza-97.png,IStyle Beauty,Elpaza,CLASSIC,b45c72,MWrmS5S6RzyublLHuqcwJg,,,,,
,007,https://i.ibb.co/hXBZwss/Elpaza-98.png,IStyle Beauty,Elpaza,CLASSIC,f2d2c5,2oJMzXcsR6ucgP5F96frqA,,,,,
,008,https://i.ibb.co/P9hmfJr/Elpaza-99.png,IStyle Beauty,Elpaza,CLASSIC,01bdc9,r5CP.rWhQoaTiA-zhBairQ,,,,,
,009,https://i.ibb.co/xzdVtkQ/Elpaza-100.png,IStyle Beauty,Elpaza,CLASSIC,f3c5ae,S417BLMwT7a3bYo5JrsotA,,,,,
,010,https://i.ibb.co/zZZm0Gg/Elpaza-101.png,IStyle Beauty,Elpaza,CLASSIC,00cdae,a-5jm9yB4RYKK55GGP0wZnw,,,,,
,011,https://i.ibb.co/NLL1hHv/Elpaza-102.png,IStyle Beauty,Elpaza,CLASSIC,fa0668,26y4er15SL61BodkN6XL9A,,,,,
,012,https://i.ibb.co/rbyqWyS/Elpaza-103.png,IStyle Beauty,Elpaza,CLASSIC,a3cfda,XSq5qm4hSC-MdlfHGMCGMQ,,,,,
,013,https://i.ibb.co/VBsGXZk/Elpaza-104.png,IStyle Beauty,Elpaza,CLASSIC,220e0d,eAn0ZR6ZRi-xA.LGMAftRw,,,,,
,014,https://i.ibb.co/3mbfmdt/Elpaza-105.png,IStyle Beauty,Elpaza,CLASSIC,0d0d0d,d6qI0z8BTlCsHbIwZA0rJA,,,,,
,015,https://i.ibb.co/yBhzzdV/Elpaza-106.png,IStyle Beauty,Elpaza,CLASSIC,005eb8,IofRifl5QBK2SQr3UHeZUw,,,,,
,016,https://i.ibb.co/hVF4sFJ/Elpaza-107.png,IStyle Beauty,Elpaza,CLASSIC,eeadc1,tptM3I9oSkK94yUbFq6RTw,,,,,
,017,https://i.ibb.co/HBrZzHh/Elpaza-108.png,IStyle Beauty,Elpaza,CLASSIC,686b64,r767NqlRQJWRgB4a1M4SqQ,,,,,
,018,https://i.ibb.co/FB8P1tH/Elpaza-109.png,IStyle Beauty,Elpaza,CLASSIC,a67571,QWP2uzFKRmuVPwHwRlRplQ,,,,,
,019,https://i.ibb.co/5sj26SB/Elpaza-110.png,IStyle Beauty,Elpaza,CLASSIC,011027,NFEHgKR2T4qF4rQsKi8GTw,,,,,
,020,https://i.ibb.co/VBB81xP/Elpaza-111.png,IStyle Beauty,Elpaza,CLASSIC,f9a992,G35h4fYUQn2w7NJLQ5Ab-Q,,,,,
,021,https://i.ibb.co/3BhgDMx/Elpaza-112.png,IStyle Beauty,Elpaza,CLASSIC,ff629f,KOyqAZ8pS8uDzhN.uEu4lw,,,,,
,022,https://i.ibb.co/YZKfh3X/Elpaza-113.png,IStyle Beauty,Elpaza,CLASSIC,fc7557,pAXv3qdrS7SFGpIBP5u8eg,,,,,
,023,https://i.ibb.co/Hp4PWXQ/Elpaza-114.png,IStyle Beauty,Elpaza,CLASSIC,f91b82,h33BAYk9TECSuaDQ8icwHw,,,,,
,024,https://i.ibb.co/Xt16Ss5/Elpaza-115.png,IStyle Beauty,Elpaza,CLASSIC,fdcd3b,KhSlIpdTQhac1WowkD0avQ,,,,,
,025,https://i.ibb.co/M1tRtMK/Elpaza-116.png,IStyle Beauty,Elpaza,CLASSIC,eab490,LjnUKx-WTkSlefhi3H3nsw,,,,,
,026,https://i.ibb.co/gtZpf2d/Elpaza-117.png,IStyle Beauty,Elpaza,CLASSIC,615c58,oMmazrb6TKqlf7Y9ScUDcQ,,,,,
,027,https://i.ibb.co/VB5jLFc/Elpaza-118.png,IStyle Beauty,Elpaza,CLASSIC,f1d3cb,Hk-ozYmlSxqtFTyA1faYIA,,,,,
,028,https://i.ibb.co/VBZc3nT/Elpaza-119.png,IStyle Beauty,Elpaza,CLASSIC,9ed1a6,EKou1tuESE6RCZHg4t-xTw,,,,,
,029,https://i.ibb.co/K7F1pwR/Elpaza-120.png,IStyle Beauty,Elpaza,CLASSIC,f0b6ab,Zl.oOOS.RE2AEpfJzdzk-g,,,,,
,030,https://i.ibb.co/rZ7PDHJ/Elpaza-121.png,IStyle Beauty,Elpaza,CLASSIC,b7e9c4,rD4LWIUUQkOjguamSw2LcQ,,,,,
,031,https://i.ibb.co/TKDjshT/Elpaza-122.png,IStyle Beauty,Elpaza,CLASSIC,ecbdab,yDn8apiRQYCJcOTOsAbYtQ,,,,,
,032,https://i.ibb.co/r2kcdgK/Elpaza-123.png,IStyle Beauty,Elpaza,CLASSIC,f7cbc8,Bi0.a7xDTaOLVk4NiNa9kw,,,,,
,033,https://i.ibb.co/g44kSgc/Elpaza-124.png,IStyle Beauty,Elpaza,CLASSIC,5fe1c7,UnU3gGMFS7iiCR2BobidsQ,,,,,
,034,https://i.ibb.co/cwFCMmh/Elpaza-125.png,IStyle Beauty,Elpaza,CLASSIC,ffa5af,U8b9S8FmThWnpjMjUyJ59w,,,,,
,035,https://i.ibb.co/drjQ8zN/Elpaza-126.png,IStyle Beauty,Elpaza,CLASSIC,a4ad92,wJVHtyn2SA6gn65mqGmEwQ,,,,,
,036,https://i.ibb.co/4jK48ns/Elpaza-127.png,IStyle Beauty,Elpaza,CLASSIC,0135bd,KizC35A0T0WpObom.-BM7g,,,,,
,037,https://i.ibb.co/xSXGtm5/Elpaza-128.png,IStyle Beauty,Elpaza,CLASSIC,a53abe,nngP3Tp7SsChULonU-Mpcg,,,,,
,038,https://i.ibb.co/SdF0jc1/Elpaza-129.png,IStyle Beauty,Elpaza,CLASSIC,ebc6cd,9Z4WZ96.SF-xvKzOdRG.Aw,,,,,
,039,https://i.ibb.co/yS0qrZ9/Elpaza-130.png,IStyle Beauty,Elpaza,CLASSIC,412a44,GCWbtWPFRgSQZZylnrVj1Q,,,,,
,040,https://i.ibb.co/W6HrkG3/Elpaza-131.png,IStyle Beauty,Elpaza,CLASSIC,5d4749,et8cnMKLSZC.Q-fa1PYfNg,,,,,
,041,https://i.ibb.co/37LDm96/Elpaza-132.png,IStyle Beauty,Elpaza,CLASSIC,543b37,B9zsNFBCTOWZESJ-H9lLVQ,,,,,
,042,https://i.ibb.co/s2Y2fZN/Elpaza-133.png,IStyle Beauty,Elpaza,CLASSIC,e9c4b1,ZvTEz4r5SUODzYWxmYej6g,,,,,
,043,https://i.ibb.co/QMQKdhM/Elpaza-134.png,IStyle Beauty,Elpaza,CLASSIC,37102d,vlJaBL4QQjO7.tiad6q9kQ,,,,,
,044,https://i.ibb.co/WxMBgy3/Elpaza-135.png,IStyle Beauty,Elpaza,CLASSIC,9e063f,mHGd73SfR-e9FxIzL54k8Q,,,,,
,045,https://i.ibb.co/NN2B77R/Elpaza-136.png,IStyle Beauty,Elpaza,CLASSIC,813b2f,G.zR3isSROG5l2G65l2uwA,,,,,
,046,https://i.ibb.co/44xBrjs/Elpaza-137.png,IStyle Beauty,Elpaza,CLASSIC,c40002,veSham6xQhCsFhH-Tl0.Ng,,,,,
,047,https://i.ibb.co/7zQZ6gn/Elpaza-138.png,IStyle Beauty,Elpaza,CLASSIC,7c434c,RM.B5spsTk6v.CPvCeOx7A,,,,,
,048,https://i.ibb.co/6B3ZCvh/Elpaza-139.png,IStyle Beauty,Elpaza,CLASSIC,c3a978,sfWjgAuFSjKgXB-Q9UpQdA,,,,,
,049,https://i.ibb.co/rvy2ntL/Elpaza-140.png,IStyle Beauty,Elpaza,CLASSIC,7fd4db,uyeoKJmeTUaMkxQlRQLvvA,,,,,
,050,https://i.ibb.co/QQbbnw8/Elpaza-141.png,IStyle Beauty,Elpaza,CLASSIC,9b0123,k9NWINinS6mKJjB9aqEAWw,,,,,
,051,https://i.ibb.co/YRF5j7r/Elpaza-142.png,IStyle Beauty,Elpaza,CLASSIC,e7c9c1,WwO7zqHPTJGUC-xSXBuEow,,,,,
,052,https://i.ibb.co/VqNbST9/Elpaza-143.png,IStyle Beauty,Elpaza,CLASSIC,977762,UaCNepxbSTKJjflecWUC3g,,,,,
,053,https://i.ibb.co/G9XrGNY/Elpaza-144.png,IStyle Beauty,Elpaza,CLASSIC,7ddac7,Y2fhi5VQT6uC5tIPMte3qg,,,,,
,054,https://i.ibb.co/d6njj1V/Elpaza-145.png,IStyle Beauty,Elpaza,CLASSIC,8f002b,z7zdYQzOTIm7dNztzQfb2g,,,,,
,055,https://i.ibb.co/gmQDc9M/Elpaza-146.png,IStyle Beauty,Elpaza,CLASSIC,fedc01,8FLb.tvLR32Ek7PyonDlrA,,,,,
,056,https://i.ibb.co/ZhQczK1/Elpaza-147.png,IStyle Beauty,Elpaza,CLASSIC,b78682,UwzvC47aSMqvQVvcItPVbw,,,,,
,057,https://i.ibb.co/2Kg7hbP/Elpaza-148.png,IStyle Beauty,Elpaza,CLASSIC,e8cdba,H0-f1KfGSvab6Kgq5-IQLA,,,,,
,058,https://i.ibb.co/ctZCXc1/Elpaza-149.png,IStyle Beauty,Elpaza,CLASSIC,b7695f,bIdfo-IkRGy3bND-9T53yA,,,,,
,059,https://i.ibb.co/JdMPvm7/Elpaza-150.png,IStyle Beauty,Elpaza,CLASSIC,02e594,vYihWEhcRbCFWtpME796jw,,,,,
,060,https://i.ibb.co/FmZQLsK/Elpaza-151.png,IStyle Beauty,Elpaza,CLASSIC,c26657,MkV6as8fRSmC1Knexsk2Ag,,,,,
,061,https://i.ibb.co/2W2xQ9b/Elpaza-152.png,IStyle Beauty,Elpaza,CLASSIC,ff9184,ecBnTFTSSDOKSIn7UkHoqQ,,,,,
,062,https://i.ibb.co/s5sGzkL/Elpaza-153.png,IStyle Beauty,Elpaza,CLASSIC,99e2cf,fyfkAYdtTJ6KACImeuuhkQ,,,,,
,063,https://i.ibb.co/cC89dN0/Elpaza-154.png,IStyle Beauty,Elpaza,CLASSIC,885e52,6THP6UpcRb6hdHOxwiwQ7w,,,,,
,064,https://i.ibb.co/9Ns90b7/Elpaza-155.png,IStyle Beauty,Elpaza,CLASSIC,075045,i3gNKYeKToSU913bNN37qA,,,,,
,065,https://i.ibb.co/qdWbwGF/Elpaza-156.png,IStyle Beauty,Elpaza,CLASSIC,ffe481,FpTtnYzVS36Km8Hj.eulWQ,,,,,
,066,https://i.ibb.co/Yk0xLtt/Elpaza-157.png,IStyle Beauty,Elpaza,CLASSIC,9e0315,HXIP0rnORouzBX3rBsLBFQ,,,,,
,067,https://i.ibb.co/JnwZ8st/Elpaza-158.png,IStyle Beauty,Elpaza,CLASSIC,81639f,Os1fMcllQmCEb.5CqEnyAw,,,,,
,068,https://i.ibb.co/JccLnp2/Elpaza-159.png,IStyle Beauty,Elpaza,CLASSIC,b30051,tHAvJdUQQgm9U3PiDfw6Zw,,,,,
,069,https://i.ibb.co/RQgjfZY/Elpaza-160.png,IStyle Beauty,Elpaza,CLASSIC,ff8b74,4ac4bZLARk26n6Ifrz7LUg,,,,,
,070,https://i.ibb.co/9vHscnd/Elpaza-161.png,IStyle Beauty,Elpaza,CLASSIC,ff004c,6jnFNbfjRwi1p9XS6eRfbg,,,,,
,071,https://i.ibb.co/0GYVZ9w/Elpaza-162.png,IStyle Beauty,Elpaza,CLASSIC,f9c0ad,8Q.6rDJ1RWOtRx44pz9rmw,,,,,
,072,https://i.ibb.co/GC4DxN2/Elpaza-163.png,IStyle Beauty,Elpaza,CLASSIC,cb989f,a-ah5JWINTimlueZ5dArZlg,,,,,
,073,https://i.ibb.co/VCB0FLm/Elpaza-164.png,IStyle Beauty,Elpaza,CLASSIC,250c0f,XJxMV.LnT0iKPXAwFgV0hQ,,,,,
,074,https://i.ibb.co/vcF63zr/Elpaza-165.png,IStyle Beauty,Elpaza,CLASSIC,a0756f,HI79rxh9R6WYkfL2KZnf9A,,,,,
,075,https://i.ibb.co/0XVW8wj/Elpaza-166.png,IStyle Beauty,Elpaza,CLASSIC,4f0b18,gynKY5X8T8K51p..iWERTw,,,,,
,076,https://i.ibb.co/8YvyHfk/Elpaza-167.png,IStyle Beauty,Elpaza,CLASSIC,fa023c,oIdKn.ioS5u.w4A49hOaXQ,,,,,
,077,https://i.ibb.co/VDNkpXp/Elpaza-168.png,IStyle Beauty,Elpaza,CLASSIC,b9b4d2,3tepdJiZSpi7G6vjc4mLgQ,,,,,
,078,https://i.ibb.co/n6Q8GFq/Elpaza-169.png,IStyle Beauty,Elpaza,CLASSIC,eee0d3,dEblzmIkRGCRAkfD5SBuNQ,,,,,
,079,https://i.ibb.co/G2dJ8Zb/Elpaza-170.png,IStyle Beauty,Elpaza,CLASSIC,bda7aa,8REU9u-vSMaQuY53i13Wzg,,,,,
,080,https://i.ibb.co/9YhnCXn/Elpaza-171.png,IStyle Beauty,Elpaza,CLASSIC,936977,QU34d4kvRP-TtNxaaAgYZQ,,,,,
,081,https://i.ibb.co/Qk7ytXG/Elpaza-172.png,IStyle Beauty,Elpaza,CLASSIC,3d000e,1g6uj0OpQ86-Yvb9kpehSQ,,,,,
,082,https://i.ibb.co/861JMT4/Elpaza-173.png,IStyle Beauty,Elpaza,CLASSIC,a40032,v04xtO-qTMq4XWKAl9HyAw,,,,,
,083,https://i.ibb.co/nLW29Gx/Elpaza-174.png,IStyle Beauty,Elpaza,CLASSIC,f2d7dc,vv6CIFZLSgimwjnK9fJ.ug,,,,,
,084,https://i.ibb.co/BznkPSz/Elpaza-175.png,IStyle Beauty,Elpaza,CLASSIC,99776b,qFdHEnAJRv2Jn94nZmkBGA,,,,,
,085,https://i.ibb.co/wdWCvDG/Elpaza-176.png,IStyle Beauty,Elpaza,CLASSIC,110f27,hhwo3fcjSOuNns9NxgcLcw,,,,,
,086,https://i.ibb.co/5hCthWh/Elpaza-177.png,IStyle Beauty,Elpaza,CLASSIC,e6e3d4,kOcKZ0F1S1W6OTUN0x4y7A,,,,,
,087,https://i.ibb.co/4VMvmBb/Elpaza-178.png,IStyle Beauty,Elpaza,CLASSIC,7a65a8,ncY1J2a6TFS-nOF3mH9VPQ,,,,,
,088,https://i.ibb.co/f20Wm4Z/Elpaza-179.png,IStyle Beauty,Elpaza,CLASSIC,160c0d,1b8QOu.UQHm8eeqQb1R0gA,,,,,
,089,https://i.ibb.co/9NQKK5X/Elpaza-180.png,IStyle Beauty,Elpaza,CLASSIC,3b2055,0rs7NvTuTBqRLtWaaSm.mg,,,,,
,090,https://i.ibb.co/NgRSy9G/Elpaza-181.png,IStyle Beauty,Elpaza,CLASSIC,a9031b,dBraaWhxSBa-SI-Jmd733w,,,,,
,091,https://i.ibb.co/n3qhjY7/Elpaza-182.png,IStyle Beauty,Elpaza,CLASSIC,eec1a0,nHAUijtdQemJADq2GyxRjQ,,,,,
,092,https://i.ibb.co/MGSRcgr/Elpaza-183.png,IStyle Beauty,Elpaza,CLASSIC,86011c,1TpP5nlCQUGqy.cU4ZEKTA,,,,,
,093,https://i.ibb.co/MkG73TB/Elpaza-184.png,IStyle Beauty,Elpaza,CLASSIC,4a001b,LDOfhxHLQvCzLUN1mFL2cw,,,,,
,094,https://i.ibb.co/kM3xFF5/Elpaza-185.png,IStyle Beauty,Elpaza,CLASSIC,f1eedd,T45OIoYEQpWnPsy4rUpr4w,,,,,
,095,https://i.ibb.co/TLy02BY/Elpaza-186.png,IStyle Beauty,Elpaza,CLASSIC,e0bedf,3VolxSexS7i8KZGLkgCFNw,,,,,
,096,https://i.ibb.co/wW8xF9c/Elpaza-187.png,IStyle Beauty,Elpaza,CLASSIC,fab89e,wmS3IZINTeuWAQ7BjNC.BA,,,,,
,097,https://i.ibb.co/CBq5x4h/Elpaza-188.png,IStyle Beauty,Elpaza,CLASSIC,193c72,StFXz2gBReeWDWB6CotTnw,,,,,
,098,https://i.ibb.co/DtRfnn9/Elpaza-189.png,IStyle Beauty,Elpaza,CLASSIC,e90003,NayEYqT6S1CXrTj.IbYLYA,,,,,
,099,https://i.ibb.co/ydZMNST/Elpaza-190.png,IStyle Beauty,Elpaza,CLASSIC,fbde9c,MKpozsQRS0aRLY4Sh70a7g,,,,,
,100,https://i.ibb.co/gF24QZc/Elpaza-191.png,IStyle Beauty,Elpaza,CLASSIC,fd61b5,IA74.dzmQdm6Yzv1GBeD6w,,,,,
,101,https://i.ibb.co/P5fnpyR/Elpaza-192.png,IStyle Beauty,Elpaza,CLASSIC,9f0340,hI6tgi6hSWm40SussDO3lA,,,,,
,102,https://i.ibb.co/SQnGS7n/Elpaza-193.png,IStyle Beauty,Elpaza,CLASSIC,31150a,a-9YUhalaT0aELldzIwfOuQ,,,,,
,103,https://i.ibb.co/3FsJWN1/Elpaza-194.png,IStyle Beauty,Elpaza,CLASSIC,fca97d,8sTEYmYCQFmbq-zd.Y-8mQ,,,,,
,104,https://i.ibb.co/Tktdmbp/Elpaza-195.png,IStyle Beauty,Elpaza,CLASSIC,a4adcc,63ONbH6aT7uJ2sOU8GmihQ,,,,,
,105,https://i.ibb.co/D95zg6z/Elpaza-196.png,IStyle Beauty,Elpaza,CLASSIC,e9cdca,Nc-Zk2d9QUOLlUwJAabxWw,,,,,
,106,https://i.ibb.co/7g2jXdC/Elpaza-197.png,IStyle Beauty,Elpaza,CLASSIC,cde1e0,QWW8OmkrS6GOJ5RG5C05fw,,,,,
,107,https://i.ibb.co/Lzs5Qf6/Elpaza-198.png,IStyle Beauty,Elpaza,CLASSIC,e2e0c7,HWZbuYJwTRC5wU.3rK-STw,,,,,
,108,https://i.ibb.co/D8S2bQv/Elpaza-199.png,IStyle Beauty,Elpaza,CLASSIC,393c41,ad-D4adzQ2il3LWkH3MlEA,,,,,
,109,https://i.ibb.co/YjnNkTq/Elpaza-200.png,IStyle Beauty,Elpaza,CLASSIC,180e0f,y5PIeuu9R1ux47W9HGzDdA,,,,,
,110,https://i.ibb.co/xMPxyYr/Elpaza-201.png,IStyle Beauty,Elpaza,CLASSIC,dea2be,F3bc6Q6GS-qBr4DOhoaBog,,,,,
,111,https://i.ibb.co/jW9p9Tp/Elpaza-202.png,IStyle Beauty,Elpaza,CLASSIC,072e59,705KuLLHS6WEQXb31gB5Kg,,,,,
,112,https://i.ibb.co/Kzq3dPk/Elpaza-203.png,IStyle Beauty,Elpaza,CLASSIC,eacec3,Df3gVBkpTOOKodGrTcA7dg,,,,,
,113,https://i.ibb.co/c15hskD/Elpaza-204.png,IStyle Beauty,Elpaza,CLASSIC,0016a8,a-p8Q5MizRcWndrpIsRx6nQ,,,,,
,114,https://i.ibb.co/MVmsQGv/Elpaza-205.png,IStyle Beauty,Elpaza,CLASSIC,d75cc4,9sAK08weTZCWg-anqRiS7A,,,,,
,115,https://i.ibb.co/jf2Y1Jf/Elpaza-206.png,IStyle Beauty,Elpaza,CLASSIC,ffc4a6,TSvVfglwTXa5KIdm1lfxrw,,,,,
,116,https://i.ibb.co/cLgFHb1/Elpaza-207.png,IStyle Beauty,Elpaza,CLASSIC,8fd5df,XUTjGSBDQeq8gbPQ9B-46w,,,,,
,117,https://i.ibb.co/DpqdTc4/Elpaza-208.png,IStyle Beauty,Elpaza,CLASSIC,cdcbbf,NOoay.y9RSqmR-4xyLmyBw,,,,,
,118,https://i.ibb.co/64zkspm/Elpaza-209.png,IStyle Beauty,Elpaza,CLASSIC,3d0007,6CkutjavS7SiBI0lvwEF2g,,,,,
,119,https://i.ibb.co/z263nZf/Elpaza-210.png,IStyle Beauty,Elpaza,CLASSIC,e7d1a2,OkV6EjNhSTWLVLYEWKG6zQ,,,,,
,120,https://i.ibb.co/565spT9/Elpaza-211.png,IStyle Beauty,Elpaza,CLASSIC,8eddbe,NaP9JdgbROGmqOaiXh-hOA,,,,,
,121,https://i.ibb.co/DQPqqQz/Elpaza-212.png,IStyle Beauty,Elpaza,CLASSIC,5c306f,1tQSrwyxSr6e4Be44MktjQ,,,,,
,122,https://i.ibb.co/yhp4cwf/Elpaza-213.png,IStyle Beauty,Elpaza,CLASSIC,8c000b,Uab-SmR1RHWtT4w3xv-UmQ,,,,,
,123,https://i.ibb.co/Kxc63K3/Elpaza-214.png,IStyle Beauty,Elpaza,CLASSIC,f5e8e2,a-kHqqkm8Rl6iMbxVTy2T1A,,,,,
,124,https://i.ibb.co/LNJZCL8/Elpaza-215.png,IStyle Beauty,Elpaza,CLASSIC,c70118,NOponZgxQdyGfAKookKoXQ,,,,,
,125,https://i.ibb.co/0KdLbN0/Elpaza-216.png,IStyle Beauty,Elpaza,CLASSIC,ee1b86,m0QK4M-8TBGnYpklc0rcdQ,,,,,
,126,https://i.ibb.co/XL4QMYr/Elpaza-217.png,IStyle Beauty,Elpaza,CLASSIC,f40139,5UItH.saQZqjGzIaaLOjRg,,,,,
,127,https://i.ibb.co/1TVMyqg/Elpaza-218.png,IStyle Beauty,Elpaza,CLASSIC,fe83a2,3f9f9M5rQhSW1viQDKcDAA,,,,,
,128,https://i.ibb.co/MGLGq8t/Elpaza-219.png,IStyle Beauty,Elpaza,CLASSIC,35170f,4TNSXdxxR56Iq4hZDFSflw,,,,,
,129,https://i.ibb.co/gRjhg8b/Elpaza-220.png,IStyle Beauty,Elpaza,CLASSIC,004562,nMPZw7-eSaqLDBA4RyfSkw,,,,,
,130,https://i.ibb.co/f2cNm6p/Elpaza-221.png,IStyle Beauty,Elpaza,CLASSIC,f3c2bb,8JyM4uHrRc2SsfEDJdNuqw,,,,,
,131,https://i.ibb.co/fMM6Wq2/Elpaza-222.png,IStyle Beauty,Elpaza,CLASSIC,cdcfc4,sloCGgjuQ3irWTW.loEVmQ,,,,,
,132,https://i.ibb.co/WP6n3pn/Elpaza-223.png,IStyle Beauty,Elpaza,CLASSIC,9090d0,Iquck084TL6IMXWxP08RBQ,,,,,
,133,https://i.ibb.co/B6M2dBf/Elpaza-224.png,IStyle Beauty,Elpaza,CLASSIC,03392b,STLzrVTDR96-PixCCVEjuA,,,,,
,134,https://i.ibb.co/SVSPH7C/Elpaza-225.png,IStyle Beauty,Elpaza,CLASSIC,fd8272,W5I6Qy6KQKW.yTL16vLaSQ,,,,,
,135,https://i.ibb.co/4d9mQgf/Elpaza-226.png,IStyle Beauty,Elpaza,CLASSIC,0e1122,ltqp6CYOTue0HnG3fpPmjQ,,,,,
,136,https://i.ibb.co/k4Ld1nm/Elpaza-227.png,IStyle Beauty,Elpaza,CLASSIC,c2c5be,tEf01lQ9TpKTfdjoKtp5pA,,,,,
,137,https://i.ibb.co/WPkTX4x/Elpaza-228.png,IStyle Beauty,Elpaza,CLASSIC,fd7776,XMZot7x8TX-dztJEw4lfSw,,,,,
,138,https://i.ibb.co/9Z7K1Px/Elpaza-229.png,IStyle Beauty,Elpaza,CLASSIC,c50455,zAcwwzG-Q4GgC1JTOEve5Q,,,,,
,139,https://i.ibb.co/Bw4dfyL/Elpaza-230.png,IStyle Beauty,Elpaza,CLASSIC,eaa1b5,ocawinBgSPK13vNpY114dA,,,,,
,140,https://i.ibb.co/tZnTRkB/Elpaza-231.png,IStyle Beauty,Elpaza,CLASSIC,ce0000,HC--tF.sQQyjaZLp8ZYNVA,,,,,
,141,https://i.ibb.co/wJnv5Ws/Elpaza-232.png,IStyle Beauty,Elpaza,CLASSIC,e5b8d5,1pzQCN6RSaagHoiZQYbuBw,,,,,
,142,https://i.ibb.co/yFwJR1r/Elpaza-233.png,IStyle Beauty,Elpaza,CLASSIC,191b30,CnroOZx1REKsmki1VEzK1Q,,,,,
,143,https://i.ibb.co/5xRRx9n/Elpaza-234.png,IStyle Beauty,Elpaza,CLASSIC,d1be9e,WPDExhwuT3KK-Dp98JeLDA,,,,,
,144,https://i.ibb.co/MScDfM6/Elpaza-235.png,IStyle Beauty,Elpaza,CLASSIC,ab7d66,f-1hssnlRMC5AnlIyMARCg,,,,,
,145,https://i.ibb.co/8jRL8BR/Elpaza-236.png,IStyle Beauty,Elpaza,CLASSIC,9fded3,bJ9MshmETAS.jssgi5qdUQ,,,,,
,146,https://i.ibb.co/7NJZ0Sy/Elpaza-237.png,IStyle Beauty,Elpaza,CLASSIC,c3977c,G49eZ3j-SwCKEtrRTtAjOw,,,,,
,147,https://i.ibb.co/pbdBjd5/Elpaza-238.png,IStyle Beauty,Elpaza,CLASSIC,e31659,CvEMBys6SwGGBHCgmVVgHg,,,,,
,148,https://i.ibb.co/0rHSkRk/Elpaza-239.png,IStyle Beauty,Elpaza,CLASSIC,01abc4,7eRVgBsAQlyKSTgoG8P1TQ,,,,,
,149,https://i.ibb.co/wwz7NZ6/Elpaza-240.png,IStyle Beauty,Elpaza,CLASSIC,580f22,Zlb3HQwnTdK-VKsqOZgpfA,,,,,
,150,https://i.ibb.co/gd3zKGM/Elpaza-241.png,IStyle Beauty,Elpaza,CLASSIC,fbbab4,puRvyiJuRLesuMRTmTZcRQ,,,,,
,151,https://i.ibb.co/Jvz8JK4/Elpaza-242.png,IStyle Beauty,Elpaza,CLASSIC,d70022,KvLcYx9vToKtfVI5n-I5KA,,,,,
,152,https://i.ibb.co/rGqGfrD/Elpaza-243.png,IStyle Beauty,Elpaza,CLASSIC,1b152f,NXHg45gzTrKClbrUBr4QKQ,,,,,
,153,https://i.ibb.co/XyTFX63/Elpaza-244.png,IStyle Beauty,Elpaza,CLASSIC,ecebe6,PrzJ8OgfS0WxpUTm0U8oWA,,,,,
,154,https://i.ibb.co/82fqzfz/Elpaza-245.png,IStyle Beauty,Elpaza,CLASSIC,cc896f,qxsm361FTKqKAFPT4J.m4g,,,,,
,155,https://i.ibb.co/LNy26BB/Elpaza-246.png,IStyle Beauty,Elpaza,CLASSIC,af0208,4P1dF9GuRuygKFnomLevvg,,,,,
,156,https://i.ibb.co/9p11xLN/Elpaza-247.png,IStyle Beauty,Elpaza,CLASSIC,d74198,kLq7UT5uT22HHSpRvZ0ltw,,,,,
,157,https://i.ibb.co/6yrkdpd/Elpaza-248.png,IStyle Beauty,Elpaza,CLASSIC,746153,6pPT0xa-SXWOF4WmZMPMVA,,,,,
,158,https://i.ibb.co/Z2tfzk0/Elpaza-249.png,IStyle Beauty,Elpaza,CLASSIC,622358,pG4ys6DWTUytRH9lVXWomQ,,,,,
,159,https://i.ibb.co/b3GmY9m/Elpaza-250.png,IStyle Beauty,Elpaza,CLASSIC,feaf91,uFCmSMk8S6G8LCzI2ruj1w,,,,,
,160,https://i.ibb.co/Pz7PNq5/Elpaza-251.png,IStyle Beauty,Elpaza,CLASSIC,ffac7d,DgU6AkMLSPKzV6Z.BFSaAg,,,,,
,161,https://i.ibb.co/ZfpVxTj/Elpaza-252.png,IStyle Beauty,Elpaza,CLASSIC,ddbbde,H2huH.e6Rrqb9971bcNm1Q,,,,,
,162,https://i.ibb.co/yNjHCr1/Elpaza-253.png,IStyle Beauty,Elpaza,CLASSIC,f4d3ca,pk13UUrfTdu9RaJ6Td8jgg,,,,,
,163,https://i.ibb.co/PCRHGf7/Elpaza-254.png,IStyle Beauty,Elpaza,CLASSIC,78002d,RzNrLaTxQpu2UVDYD.-CpQ,,,,,
,164,https://i.ibb.co/JtWxYjX/Elpaza-255.png,IStyle Beauty,Elpaza,CLASSIC,fdf8f4,Q..MZr5rSgeBfZ-YlOcWYg,,,,,
,165,https://i.ibb.co/s5CqzW9/Elpaza-256.png,IStyle Beauty,Elpaza,CLASSIC,9a0934,Y7EBQaVGR6Gs4DYsA42Ygw,,,,,
,166,https://i.ibb.co/0sFY6sr/Elpaza-257.png,IStyle Beauty,Elpaza,CLASSIC,d698a7,uxblvPgcSaSwRTiSz8gj3Q,,,,,
,167,https://i.ibb.co/ZmfXHF2/Elpaza-258.png,IStyle Beauty,Elpaza,CLASSIC,a9001d,E27LcxoyQP2eUIMomXE2zQ,,,,,
,168,https://i.ibb.co/S5VdMbh/Elpaza-259.png,IStyle Beauty,Elpaza,CLASSIC,ab596f,9C3UTdJdTYqePEc0SpxCJA,,,,,
,169,https://i.ibb.co/Hqzm42n/Elpaza-260.png,IStyle Beauty,Elpaza,CLASSIC,3e1233,SaIw4eDvSt6IxgNODsjbaA,,,,,
,170,https://i.ibb.co/nMsyqW9/Elpaza-261.png,IStyle Beauty,Elpaza,CLASSIC,c16bd6,iVJD6oCPR3mCTW2Tehj-YA,,,,,
,171,https://i.ibb.co/hFdrNwJ/Elpaza-262.png,IStyle Beauty,Elpaza,CLASSIC,151d42,2G51w6GkROC6QX7rAOQhzQ,,,,,
,172,https://i.ibb.co/y5Y5B9n/Elpaza-263.png,IStyle Beauty,Elpaza,CLASSIC,fc7478,QokfOECSQLuYT5CE4yCVBA,,,,,
,173,https://i.ibb.co/yBP3q7d/Elpaza-264.png,IStyle Beauty,Elpaza,CLASSIC,eea9a4,wHHYMEO8TIeK0IEo56c9gg,,,,,
,174,https://i.ibb.co/MnGJgsW/Elpaza-265.png,IStyle Beauty,Elpaza,CLASSIC,fc5974,kRcMnHH3QomlqznA-f5lDw,,,,,
,175,https://i.ibb.co/mRqQW3B/Elpaza-266.png,IStyle Beauty,Elpaza,CLASSIC,ffb598,17xdZAWNQKS9vuv7q96uAQ,,,,,
,176,https://i.ibb.co/M1028XM/Elpaza-267.png,IStyle Beauty,Elpaza,CLASSIC,6a3da4,a-gVFpc3pQaiytWv1sIk1Zg,,,,,
,177,https://i.ibb.co/CHmPVpH/Elpaza-268.png,IStyle Beauty,Elpaza,CLASSIC,eb0140,IN8Tqt8aQWCt5FBJpvOnFg,,,,,
,178,https://i.ibb.co/cbcDFB9/Elpaza-269.png,IStyle Beauty,Elpaza,CLASSIC,34021b,P.HeSxfHSCuaVYuZ0O-jFA,,,,,
,179,https://i.ibb.co/30tjkrb/Elpaza-270.png,IStyle Beauty,Elpaza,CLASSIC,fdbbaf,zqXi2.s6TaqFTPYXXd7s3A,,,,,
,180,https://i.ibb.co/zPszTBX/Elpaza-271.png,IStyle Beauty,Elpaza,CLASSIC,b05c7e,CpfIwnQCQmud6U13cvqwrQ,,,,,
,181,https://i.ibb.co/c890V2V/Elpaza-272.png,IStyle Beauty,Elpaza,CLASSIC,fe6568,jD5xVF4sSOCQyolGeJQgQQ,,,,,
,182,https://i.ibb.co/Wt7wbxq/Elpaza-273.png,IStyle Beauty,Elpaza,CLASSIC,232e32,pMuceKk6Rfe10FsSy0Qt0g,,,,,
,183,https://i.ibb.co/XsZmKFc/Elpaza-274.png,IStyle Beauty,Elpaza,CLASSIC,84d0dd,le93mi7RSiKmYOzeUJRYUg,,,,,
,184,https://i.ibb.co/FhsLPWr/Elpaza-275.png,IStyle Beauty,Elpaza,CLASSIC,14281d,N9RhLxVAR9ulZ0temKxobA,,,,,
,185,https://i.ibb.co/GQFRHg8/Elpaza-276.png,IStyle Beauty,Elpaza,CLASSIC,d543c8,5AFqNqztTFG-iWI3kWkNyg,,,,,
,186,https://i.ibb.co/41NNRSL/Elpaza-277.png,IStyle Beauty,Elpaza,CLASSIC,74dcc1,ItF5d.CPQzSMX2xUWMKBFQ,,,,,
,187,https://i.ibb.co/FJ5H0Hk/Elpaza-278.png,IStyle Beauty,Elpaza,CLASSIC,e50102,8QdYubYpTe6BfSehacDHZQ,,,,,
,188,https://i.ibb.co/zZx1hhY/Elpaza-279.png,IStyle Beauty,Elpaza,CLASSIC,ebc4d7,5n4BnENgTXmycVuNr-QfAw,,,,,
,189,https://i.ibb.co/mDMhhRz/Elpaza-280.png,IStyle Beauty,Elpaza,CLASSIC,370e14,1AFhalgsQz2ze1fqlsGmOw,,,,,
,190,https://i.ibb.co/D5b8HN2/Elpaza-281.png,IStyle Beauty,Elpaza,CLASSIC,f10045,a.i.Zm7BAQkGcfSDa5JL.pQ,,,,,
,191,https://i.ibb.co/bJ7Fk59/Elpaza-282.png,IStyle Beauty,Elpaza,CLASSIC,a28a7e,UmoSljzhTmSBjqWNPV9saQ,,,,,
,192,https://i.ibb.co/pLHhd50/Elpaza-283.png,IStyle Beauty,Elpaza,CLASSIC,eea0b0,jZFhD7SFT.Of31JQem2Nvw,,,,,
,193,https://i.ibb.co/pvvnZWs/Elpaza-284.png,IStyle Beauty,Elpaza,CLASSIC,6adcd2,7AFrWCwsT0aCW14wlHlWhg,,,,,
,194,https://i.ibb.co/NZxnp5J/Elpaza-285.png,IStyle Beauty,Elpaza,CLASSIC,6e5247,0NkkB6xDT9Wlj-A4NivrDg,,,,,
,195,https://i.ibb.co/fxpMy7V/Elpaza-286.png,IStyle Beauty,Elpaza,CLASSIC,f0edde,7UepDplXQXW.JMhd8o5UfQ,,,,,
,196,https://i.ibb.co/0fjy3RK/Elpaza-287.png,IStyle Beauty,Elpaza,CLASSIC,fabfad,qlYvT0XIRumE8QMM0odzBA,,,,,
,197,https://i.ibb.co/KjGLJQs/Elpaza-288.png,IStyle Beauty,Elpaza,CLASSIC,00b0a6,QPFcGLYpTxK1cp02bsq7tw,,,,,
,198,https://i.ibb.co/60sbHpp/Elpaza-289.png,IStyle Beauty,Elpaza,CLASSIC,ecd0c5,n4.U1PNFSk6pKfoUICxz-Q,,,,,
,199,https://i.ibb.co/r30gWhH/Elpaza-290.png,IStyle Beauty,Elpaza,CLASSIC,6d042c,oI5HhERyR0iCmsZS6etr2A,,,,,
,200,https://i.ibb.co/YPk2kbP/Elpaza-291.png,IStyle Beauty,Elpaza,CLASSIC,12b2b0,xZgK0LpHSYGCh9mFj3svlw,,,,,
,201,https://i.ibb.co/smwjhzR/Elpaza-292.png,IStyle Beauty,Elpaza,CLASSIC,91c7e1,lkA6PCU6S9KzcJTKdOyvAw,,,,,
,202,https://i.ibb.co/2nRrpkG/Elpaza-293.png,IStyle Beauty,Elpaza,CLASSIC,ad6b51,QKQJ99DvTj2-FdILiYzPNQ,,,,,2
,204,https://i.ibb.co/zPKyjvB/Elpaza-294.png,IStyle Beauty,Elpaza,CLASSIC,534948,6qjKHHUySamASN5vZwz9Gg,,,,,1
,205,https://i.ibb.co/8bFnD9g/Elpaza-295.png,IStyle Beauty,Elpaza,CLASSIC,bb7269,OkiaWph3Sl2GGkWckCeKpw,,,,,
,206,https://i.ibb.co/g35Zjy0/Elpaza-296.png,IStyle Beauty,Elpaza,CLASSIC,f5f2e3,qEzFiHudRVmGNnL4TEYUnw,,,,,